Date,Open,High,Low,Close,Volume
1/2/2019 15:30:00,36198.13,36236.7,35734.01,35891.52,0
1/3/2019 15:30:00,35934.5,35999.66,35475.57,35513.71,0
1/4/2019 15:30:00,35590.79,35744.2,35382.08,35695.1,0
1/7/2019 15:30:00,35971.18,36076.95,35809.23,35850.16,0
1/8/2019 15:30:00,35964.62,36037.35,35753.95,35980.93,0
1/9/2019 15:30:00,36181.37,36250.54,35863.29,36212.91,0
1/10/2019 15:30:00,36258,36269.31,36070.76,36106.5,0
1/11/2019 15:30:00,36191.87,36214.26,35840.6,36009.84,0
1/14/2019 15:30:00,36113.27,36124.94,35691.75,35853.56,0
1/15/2019 15:30:00,35950.08,36349.31,35950.08,36318.33,0
1/16/2019 15:30:00,36370.74,36462.03,36278.61,36321.29,0
1/17/2019 15:30:00,36413.6,36468.42,36170.8,36374.08,0
1/18/2019 15:30:00,36417.58,36469.98,36218.33,36386.61,0
1/21/2019 15:30:00,36467.12,36701.03,36351.77,36578.96,0
1/22/2019 15:30:00,36649.92,36650.47,36282.93,36444.64,0
1/23/2019 15:30:00,36494.12,36521.47,36037.9,36108.47,0
1/24/2019 15:30:00,36146.55,36258.28,35996.68,36202.31,0
1/25/2019 15:30:00,36245.77,36474.48,35953.15,36025.54,0
1/28/2019 15:30:00,36099.62,36124.26,35565.15,35656.7,0
1/29/2019 15:30:00,35716.72,35734.14,35375.51,35592.5,0
1/30/2019 15:30:00,35819.67,35850.41,35490.97,35591.25,0
1/31/2019 15:30:00,35805.51,36278.13,35740.07,36256.69,0
2/1/2019 15:30:00,36311.74,36778.14,36221.32,36469.43,0
2/4/2019 15:30:00,36456.22,36622.77,36225.48,36582.74,0
2/5/2019 15:30:00,36573.04,36727.83,36495.83,36616.81,0
2/6/2019 15:30:00,36714.54,37005.25,36680.88,36975.23,0
2/7/2019 15:30:00,37026.56,37172.18,36898.8,36971.09,0
2/8/2019 15:30:00,36873.59,36885.58,36480.62,36546.48,0
2/11/2019 15:30:00,36585.5,36588.41,36300.48,36395.03,0
2/12/2019 15:30:00,36405.72,36465.4,36113.91,36153.62,0
2/14/2019 15:30:00,36065.08,36109.1,35799.42,35876.22,0
2/15/2019 15:30:00,35985.68,36022.57,35510.97,35808.95,0
2/18/2019 15:30:00,35831.18,35912.44,35470.76,35498.44,0
2/19/2019 15:30:00,35543.24,35776.04,35287.16,35352.61,0
2/20/2019 15:30:00,35564.93,35797.11,35469.49,35756.26,0
2/21/2019 15:30:00,35837,35983.07,35707.29,35898.35,0
2/22/2019 15:30:00,35906.01,35941.69,35795.79,35871.48,0
2/25/2019 15:30:00,35983.8,36242.18,35901.06,36213.38,0
2/26/2019 15:30:00,35975.75,36172.52,35714.16,35973.71,0
2/27/2019 15:30:00,36138.83,36371.11,35735.33,35905.43,0
2/28/2019 15:30:00,36025.72,36085.85,35829.15,35867.44,0
3/1/2019 15:30:00,36018.49,36140.67,35952.41,36063.81,0
3/5/2019 15:30:00,36141.07,36457.44,35926.94,36442.54,0
3/6/2019 15:30:00,36544.86,36666.47,36456.82,36636.1,0
3/7/2019 15:30:00,36744.02,36830.25,36590.88,36725.42,0
3/8/2019 15:30:00,36753.59,36753.59,36592.93,36671.43,0
3/11/2019 15:30:00,36741.57,37106.19,36726.39,37054.1,0
3/12/2019 15:30:00,37249.65,37586.63,37230.85,37535.66,0
3/13/2019 15:30:00,37608.29,37797.29,37478.87,37752.17,0
3/14/2019 15:30:00,37840.64,37907.78,37693.69,37754.89,0
3/15/2019 15:30:00,37760.23,38254.77,37760.23,38024.32,0
3/18/2019 15:30:00,38132.96,38369.59,37952.1,38095.07,0
3/19/2019 15:30:00,38218.59,38396.06,38078.23,38363.47,0
3/20/2019 15:30:00,38433.86,38489.81,38316.21,38386.75,0
3/22/2019 15:30:00,38452.47,38564.71,38089.36,38164.61,0
3/25/2019 15:30:00,38016.76,38016.76,37667.4,37808.91,0
3/26/2019 15:30:00,37886.29,38297.7,37800.08,38233.41,0
3/27/2019 15:30:00,38372.03,38475.93,38001.34,38132.88,0
3/28/2019 15:30:00,38208.3,38593.65,38148.44,38545.72,0
3/29/2019 15:30:00,38675,38748.54,38546.68,38672.91,0
4/1/2019 15:30:00,38858.88,39115.57,38808.74,38871.87,0
4/2/2019 15:30:00,38988.57,39121.69,38846.96,39056.65,0
4/3/2019 15:30:00,39167.05,39270.14,38826.56,38877.12,0
4/4/2019 15:30:00,38935.75,38939.35,38581.04,38684.72,0
4/5/2019 15:30:00,38839.52,38958.6,38701.04,38862.23,0
4/8/2019 15:30:00,38993.6,39041.25,38520.96,38700.53,0
4/9/2019 15:30:00,38730.93,38978.99,38598.72,38939.22,0
4/10/2019 15:30:00,38898.6,38950.45,38542.28,38585.35,0
4/11/2019 15:30:00,38621.58,38649.98,38460.25,38607.01,0
4/12/2019 15:30:00,38692.06,38818.87,38554.79,38767.11,0
4/15/2019 15:30:00,38805.54,38976.58,38780.08,38905.84,0
4/16/2019 15:30:00,39040.3,39364.34,39038.81,39275.64,0
4/18/2019 15:30:00,39420.04,39487.45,39083.16,39140.28,0
4/22/2019 15:30:00,39158.22,39158.22,38585.65,38645.18,0
4/23/2019 15:30:00,38771.27,38832.61,38518.26,38564.88,0
4/24/2019 15:30:00,38672.63,39095.35,38571,39054.68,0
4/25/2019 15:30:00,39101.78,39262.22,38663.98,38730.86,0
4/26/2019 15:30:00,38865.83,39103.16,38765.33,39067.33,0
4/30/2019 15:30:00,39056.92,39105.88,38753.46,39031.55,0
5/2/2019 15:30:00,39036.51,39189.95,38882.99,38981.43,0
5/3/2019 15:30:00,39009.55,39172.76,38920.17,38963.26,0
5/6/2019 15:30:00,38719.33,38719.33,38509.79,38600.34,0
5/7/2019 19:00:00,38815.46,38835.54,38236.18,38276.63,0
5/8/2019 15:30:00,38244.18,38248.57,37743.07,37789.13,0
5/9/2019 15:30:00,37747.91,37780.46,37405.4,37558.91,0
5/10/2019 15:30:00,37632.36,37721.98,37370.39,37462.99,0
5/13/2019 15:30:00,37491.3,37583.57,36999.84,37090.82,0
5/14/2019 15:30:00,37146.58,37572.7,36956.1,37318.53,0
5/15/2019 15:30:00,37539.05,37559.67,37047.87,37114.88,0
5/16/2019 15:30:00,37179.13,37518.94,37052.3,37393.48,0
5/17/2019 15:30:00,37494.42,38001.13,37415.36,37930.77,0
5/20/2019 15:30:00,38701.18,39412.56,38570.04,39352.67,0
5/21/2019 15:30:00,39449.45,39571.73,38884.85,38969.8,0
5/22/2019 15:30:00,39086.21,39249.08,38903.87,39110.21,0
5/23/2019 15:30:00,39591.77,40124.96,38651.61,38811.39,0
5/24/2019 15:30:00,39076.28,39476.97,38824.26,39434.72,0
5/27/2019 15:30:00,39536.23,39821.94,39353.16,39683.29,0
5/28/2019 15:30:00,39765.64,39828.65,39498.65,39749.73,0
5/29/2019 15:30:00,39714.27,39767.93,39420.5,39502.05,0
5/30/2019 15:30:00,39580.28,39911.92,39500.56,39831.97,0
5/31/2019 15:30:00,39998.91,40122.34,39374.24,39714.2,0
6/3/2019 15:30:00,39806.86,40308.9,39711.02,40267.62,0
6/4/2019 15:30:00,40196,40312.07,40031.05,40083.54,0
6/6/2019 15:30:00,40136.43,40159.26,39481.15,39529.72,0
6/7/2019 15:30:00,39581.77,39703.1,39279.47,39615.9,0
6/10/2019 15:30:00,39787.33,39979.48,39619.97,39784.52,0
6/11/2019 15:30:00,39900.45,40066.31,39760.02,39950.46,0
6/12/2019 15:30:00,39974.18,39982.1,39623.53,39756.81,0
6/13/2019 15:30:00,39679.35,39800.81,39461.27,39741.36,0
6/14/2019 15:30:00,39797,39799.9,39363.45,39452.07,0
6/17/2019 15:30:00,39514.36,39540.42,38911.49,38960.79,0
6/18/2019 15:30:00,39056.98,39167.83,38870.96,39046.34,0
6/19/2019 15:30:00,39176.56,39435.8,38881.05,39112.74,0
6/20/2019 15:30:00,39042.96,39638.64,38933.78,39601.63,0
6/21/2019 15:30:00,39608.25,39617.95,39121.3,39194.49,0
6/24/2019 15:30:00,39160.23,39300.02,39021.7,39122.96,0
6/25/2019 15:30:00,39131.94,39490.64,38946.04,39434.94,0
6/26/2019 15:30:00,39379.13,39674.22,39319.64,39592.08,0
6/27/2019 15:30:00,39633.97,39817.22,39510.44,39586.41,0
6/28/2019 15:30:00,39630.52,39675.25,39361.92,39394.64,0
7/1/2019 15:30:00,39543.73,39764.82,39541.09,39686.5,0
7/2/2019 15:30:00,39811.68,39838.49,39499.19,39816.48,0
7/3/2019 15:30:00,39907.57,39934.99,39732.38,39839.25,0
7/4/2019 15:30:00,39917.65,39979.1,39858.33,39908.06,0
7/5/2019 15:30:00,39990.4,40032.41,39441.38,39513.39,0
7/8/2019 15:30:00,39476.38,39476.38,38605.48,38720.57,0
7/9/2019 15:30:00,38754.47,38814.23,38435.87,38730.82,0
7/10/2019 15:30:00,38701.99,38854.85,38474.66,38557.04,0
7/11/2019 15:30:00,38751.62,38892.5,38631.31,38823.11,0
7/12/2019 15:30:00,38941.1,39021.84,38684.85,38736.23,0
7/15/2019 15:30:00,39009.95,39023.97,38696.6,38896.71,0
7/16/2019 15:30:00,38961.86,39173.89,38845.27,39131.04,0
7/17/2019 15:30:00,39171.1,39284.73,39081.14,39215.64,0
7/18/2019 15:30:00,39204.47,39204.47,38861.25,38897.46,0
7/19/2019 15:30:00,39058.73,39058.73,38271.35,38337.01,0
7/22/2019 15:30:00,38333.52,38333.52,37890.32,38031.13,0
7/23/2019 15:30:00,38138.56,38217.81,37898.9,37982.74,0
7/24/2019 15:30:00,37990.23,38102.84,37708.41,37847.65,0
7/25/2019 15:30:00,37935.02,38169.87,37775.51,37830.98,0
7/26/2019 15:30:00,37831.18,37978.07,37690.47,37882.79,0
7/29/2019 15:30:00,38043.22,38043.22,37519.16,37686.37,0
7/30/2019 15:30:00,37735.54,37950.21,37359.03,37397.24,0
7/31/2019 15:30:00,37257.55,37576.37,37128.26,37481.12,0
8/1/2019 15:30:00,37387.18,37387.18,36694.18,37018.32,0
8/2/2019 15:30:00,36920.11,37375.16,36607.41,37118.22,0
8/5/2019 15:30:00,36842.17,36844.05,36416.79,36699.84,0
8/6/2019 15:30:00,36568.03,37241.77,36536.59,36976.85,0
8/7/2019 15:30:00,37025.27,37104.79,36610.57,36690.5,0
8/8/2019 15:30:00,36808.01,37405.48,36655.41,37327.36,0
8/9/2019 15:30:00,37521.3,37807.55,37406.26,37581.91,0
8/13/2019 15:30:00,37755.16,37755.16,36888.49,36958.16,0
8/14/2019 15:30:00,37233.5,37473.61,37000.77,37311.53,0
8/16/2019 15:30:00,37383,37444.45,36974.41,37350.33,0
8/19/2019 15:30:00,37485.92,37718.88,37358.49,37402.49,0
8/20/2019 15:30:00,37441.75,37511.55,37219.9,37328.01,0
8/21/2019 15:30:00,37298.73,37406.55,37022.52,37060.37,0
8/22/2019 15:30:00,37087.58,37087.58,36391.35,36472.93,0
8/23/2019 15:30:00,36387.68,36807.34,36102.35,36701.16,0
8/26/2019 15:30:00,37363.95,37544.48,36492.65,37494.12,0
8/27/2019 15:30:00,37658.48,37731.51,37449.69,37641.27,0
8/28/2019 15:30:00,37655.77,37687.82,37249.19,37451.84,0
8/29/2019 15:30:00,37381.8,37381.8,36987.35,37068.93,0
8/30/2019 15:30:00,37222.26,37397.97,36829.81,37332.79,0
9/3/2019 15:30:00,37181.76,37188.38,36466.01,36562.91,0
9/4/2019 15:30:00,36575.24,36776.31,36409.54,36724.74,0
9/5/2019 15:30:00,36821.71,36898.99,36541.88,36644.42,0
9/6/2019 15:30:00,36785.59,37012.98,36727.66,36981.77,0
9/9/2019 15:30:00,36969.48,37244.08,36784.47,37145.45,0
9/11/2019 15:30:00,37251.03,37343.46,37193.57,37270.82,0
9/12/2019 15:30:00,37330.47,37435.15,37048.67,37104.28,0
9/13/2019 15:30:00,37175.86,37413.5,37000.09,37384.99,0
9/16/2019 15:30:00,37204.56,37302.06,37028.94,37123.31,0
9/17/2019 15:30:00,37169.46,37169.56,36419.09,36481.09,0
9/18/2019 15:30:00,36621.38,36712.99,36465.92,36563.88,0
9/19/2019 15:30:00,36613.93,36613.93,35987.8,36093.47,0
9/20/2019 15:30:00,36214.92,38378.02,36085.74,38014.62,0
9/23/2019 15:30:00,38844,39441.12,38674.04,39090.03,0
9/24/2019 15:30:00,39135.28,39306.37,38913.06,39097.14,0
9/25/2019 15:30:00,39087.2,39087.2,38510.97,38593.52,0
9/26/2019 15:30:00,38700.48,39158.07,38676.11,38989.74,0
9/27/2019 15:30:00,39003.13,39107.37,38782.6,38822.57,0
9/30/2019 15:30:00,38873.12,38873.12,38401.09,38667.33,0
10/1/2019 15:30:00,38813.48,38923.78,37929.89,38305.41,0
10/3/2019 15:30:00,38137.87,38310.93,37957.56,38106.87,0
10/4/2019 15:30:00,38401.49,38403.54,37633.36,37673.31,0
10/7/2019 15:30:00,37853.8,37919.47,37480.53,37531.98,0
10/9/2019 15:30:00,37628.05,38209.84,37415.83,38177.95,0
10/10/2019 15:30:00,38130.23,38130.23,37802.93,37880.4,0
10/11/2019 15:30:00,37994.48,38345.41,37737.85,38127.08,0
10/14/2019 15:30:00,38208.24,38513.69,38066.13,38214.47,0
10/15/2019 15:30:00,38316.49,38635.19,38238.27,38506.09,0
10/16/2019 15:30:00,38637.05,38666.38,38416.67,38598.99,0
10/17/2019 15:30:00,38647.44,39104.69,38557.43,39052.06,0
10/18/2019 15:30:00,39087.83,39361.06,38963.6,39298.38,0
10/22/2019 15:30:00,39233.4,39426.47,38924.85,38963.84,0
10/23/2019 15:30:00,39063.84,39196.67,38866.08,39058.83,0
10/24/2019 15:30:00,39223.01,39327.15,38840.76,39020.39,0
10/25/2019 19:00:00,39201.67,39241.61,38718.27,39058.06,0
10/27/2019 19:45:00,39397.37,39402.23,39212.41,39268.39,0
10/29/2019 15:30:00,39293.49,39917.01,39254.12,39831.84,0
10/30/2019 15:30:00,40055.63,40178.12,39805.11,40051.87,0
10/31/2019 15:30:00,40211.99,40392.22,40054.89,40129.05,0
11/1/2019 15:30:00,40196.07,40283.3,40014.23,40165.03,0
11/4/2019 15:30:00,40293.85,40483.21,40186.29,40301.96,0
11/5/2019 15:30:00,40445.67,40466.55,40053.55,40248.23,0
11/6/2019 15:30:00,40311.85,40606.91,40037.53,40469.78,0
11/7/2019 15:30:00,40625.64,40688.27,40421.07,40653.74,0
11/8/2019 15:30:00,40630.56,40749.33,40263.94,40323.61,0
11/11/2019 15:30:00,40316.5,40417.44,40150.97,40345.08,0
11/13/2019 15:30:00,40346.43,40447.17,40061.23,40116.06,0
11/14/2019 15:30:00,40178.93,40348.61,40026.99,40286.48,0
11/15/2019 15:30:00,40408.2,40650.06,40308.09,40356.69,0
11/18/2019 15:30:00,40431.08,40542.4,40221.97,40284.19,0
11/19/2019 15:30:00,40455.36,40544.13,40290.21,40469.7,0
11/20/2019 15:30:00,40729.8,40816.38,40575.96,40651.64,0
11/21/2019 15:30:00,40737.31,40744.85,40534.12,40575.17,0
11/22/2019 15:30:00,40653.17,40653.17,40276.83,40359.41,0
11/25/2019 15:30:00,40439.66,40931.71,40393.9,40889.23,0
11/26/2019 15:30:00,41022.85,41120.28,40710.2,40821.3,0
11/27/2019 15:30:00,40979.39,41075.76,40848.7,41020.61,0
11/28/2019 15:30:00,41161.54,41163.79,40996.08,41130.17,0
11/29/2019 15:30:00,41138.26,41143.22,40664.18,40793.81,0
12/2/2019 15:30:00,41072.94,41093.99,40707.63,40802.17,0
12/3/2019 15:30:00,40852.61,40885.03,40554.04,40675.45,0
12/4/2019 15:30:00,40606.01,40886.87,40475.83,40850.29,0
12/5/2019 15:30:00,40988.14,41002.41,40720.17,40779.59,0
12/6/2019 15:30:00,40952.13,40952.13,40337.53,40445.15,0
12/9/2019 15:30:00,40527.24,40645.63,40336.56,40487.43,0
12/10/2019 15:30:00,40588.81,40588.81,40208.7,40239.88,0
12/11/2019 15:30:00,40285.2,40466.13,40135.37,40412.57,0
12/12/2019 15:30:00,40561.34,40712.65,40490.69,40581.71,0
12/13/2019 15:30:00,40754.82,41055.8,40736.7,41009.71,0
12/16/2019 15:30:00,41168.85,41185.03,40917.93,40938.72,0
12/17/2019 15:30:00,41052.36,41401.65,41005.18,41352.17,0
12/18/2019 15:30:00,41442.75,41614.77,41358.47,41558.57,0
12/19/2019 15:30:00,41571.82,41719.29,41456.4,41673.92,0
12/20/2019 15:30:00,41746.2,41809.96,41636.11,41681.54,0
12/23/2019 15:30:00,41635.88,41701.62,41474.61,41642.66,0
12/24/2019 15:30:00,41684.51,41702.98,41423.07,41461.26,0
12/26/2019 15:30:00,41543.8,41543.8,41132.89,41163.76,0
12/27/2019 15:30:00,41297.08,41611.27,41264.92,41575.14,0
12/30/2019 15:30:00,41686.27,41714.73,41453.38,41558,0
12/31/2019 15:30:00,41607.49,41607.49,41184.73,41253.74,0
1/1/2020 15:30:00,41349.36,41443.52,41251.18,41306.02,0
1/2/2020 15:30:00,41340.27,41649.29,41328.45,41626.64,0
1/3/2020 15:30:00,41634.51,41636.18,41348.68,41464.61,0
1/6/2020 15:30:00,41378.34,41378.34,40613.96,40676.63,0
1/7/2020 15:30:00,40983.04,41230.14,40727.37,40869.47,0
1/8/2020 15:30:00,40574.83,40866.36,40476.55,40817.74,0
1/9/2020 15:30:00,41216.67,41482.12,41175.72,41452.35,0
1/10/2020 15:30:00,41568.2,41775.11,41447.8,41599.72,0
1/13/2020 15:30:00,41788.21,41899.63,41720.76,41859.69,0
1/14/2020 15:30:00,41883.09,41994.26,41770.9,41952.63,0
1/15/2020 15:30:00,41969.86,41969.86,41648.11,41872.73,0
1/16/2020 15:30:00,41924.74,42059.45,41812.28,41932.56,0
1/17/2020 15:30:00,41929.02,42063.93,41850.29,41945.37,0
1/20/2020 15:30:00,42263,42273.87,41503.37,41528.91,0
1/21/2020 15:30:00,41487.57,41532.59,41294.3,41323.81,0
1/22/2020 15:30:00,41467.13,41532.29,41059.04,41115.38,0
1/23/2020 15:30:00,41191.5,41413.96,41098.91,41386.4,0
1/24/2020 15:30:00,41377.04,41697.03,41275.6,41613.19,0
1/27/2020 15:30:00,41510.68,41516.27,41122.48,41155.12,0
1/28/2020 15:30:00,41299.68,41333.25,40869.75,40966.86,0
1/29/2020 15:30:00,41131.57,41334.86,41108.19,41198.66,0
1/30/2020 15:30:00,41380.14,41380.14,40829.91,40913.82,0
1/31/2020 15:30:00,41146.56,41154.49,40671.01,40723.49,0
2/1/2020 17:00:00,40753.18,40905.78,39631.24,39735.53,0
2/3/2020 15:30:00,39701.02,40014.9,39563.07,39872.31,0
2/4/2020 15:30:00,40178.74,40818.94,40117.46,40789.38,0
2/5/2020 15:30:00,40921.71,41177,40703.32,41142.66,0
2/6/2020 15:30:00,41209.13,41405.43,41113.11,41306.03,0
2/7/2020 15:30:00,41394.41,41394.41,41073.36,41141.85,0
2/10/2020 15:30:00,41166.72,41172.06,40798.98,40979.62,0
2/11/2020 15:30:00,41183.39,41444.34,41179.14,41216.14,0
2/12/2020 15:30:00,41330.85,41671.86,41330.85,41565.9,0
2/13/2020 15:30:00,41707.21,41709.3,41338.31,41459.79,0
2/14/2020 15:30:00,41510.19,41702.36,41183.13,41257.74,0
2/17/2020 15:30:00,41324.04,41420.34,41030.58,41055.69,0
2/18/2020 15:30:00,41042.46,41042.46,40610.95,40894.38,0
2/19/2020 15:30:00,41121.51,41357.16,41048.93,41323,0
2/20/2020 15:30:00,41334.96,41399.93,41134.31,41170.12,0
2/24/2020 15:30:00,41037.01,41037.01,40306.36,40363.23,0
2/25/2020 15:30:00,40497.72,40536,40220.59,40281.2,0
2/26/2020 15:30:00,40194.89,40255.39,39760.39,39888.96,0
2/27/2020 15:30:00,39947.8,39947.8,39423.27,39745.66,0
2/28/2020 15:30:00,39087.47,39087.47,38219.97,38297.29,0
3/2/2020 15:30:00,38910.95,39083.17,37785.99,38144.02,0
3/3/2020 15:30:00,38480.89,38754.24,38142.3,38623.7,0
3/4/2020 15:30:00,38715.72,38791.7,37846.1,38409.48,0
3/5/2020 15:30:00,38604.25,38887.8,38386.68,38470.61,0
3/6/2020 15:30:00,37613.96,37747.07,37011.09,37576.62,0
3/9/2020 15:30:00,36950.2,36950.2,35109.18,35634.95,0
3/11/2020 15:30:00,35468.9,36021.51,35261.92,35697.4,0
3/12/2020 15:30:00,34472.5,34472.5,32493.1,32778.14,0
3/13/2020 15:30:00,31214.13,34769.48,29388.97,34103.48,0
3/16/2020 15:30:00,33103.24,33103.24,31276.3,31390.07,0
3/17/2020 15:30:00,31611.57,32047.98,30394.94,30579.09,0
3/18/2020 15:30:00,30968.84,31101.77,28613.05,28869.51,0
3/19/2020 15:30:00,27773.36,29370.53,26714.46,28288.23,0
3/20/2020 15:30:00,28460.82,30418.2,27932.67,29915.96,0
3/23/2020 15:30:00,27608.8,27900.83,25880.83,25981.24,0
3/24/2020 15:30:00,27056.23,27462.87,25638.9,26674.03,0
3/25/2020 15:30:00,26499.81,28790.19,26359.91,28535.78,0
3/26/2020 15:30:00,29073.71,30099.91,28566.34,29946.77,0
3/27/2020 15:30:00,30747.81,31126.03,29346.99,29815.59,0
3/30/2020 15:30:00,29226.55,29497.57,28290.99,28440.32,0
3/31/2020 15:30:00,29294.94,29770.88,28667.36,29468.49,0
4/1/2020 15:30:00,29505.33,29505.98,28073.43,28265.31,0
4/3/2020 15:30:00,28623.53,28639.12,27500.79,27590.95,0
4/7/2020 15:30:00,28898.36,30157.65,28602.31,30067.21,0
4/8/2020 15:30:00,29701.92,31227.97,29602.94,29893.96,0
4/9/2020 15:30:00,30571.19,31225.2,30420.22,31159.62,0
4/13/2020 15:30:00,31195.72,31195.72,30474.15,30690.02,0
4/15/2020 15:30:00,31277.11,31568.36,30222.07,30379.81,0
4/16/2020 15:30:00,30095.51,30800.2,30016.17,30602.61,0
4/17/2020 15:30:00,31656.68,31718.73,30960.94,31588.72,0
4/20/2020 15:30:00,32056.19,32056.47,31490.26,31648,0
4/21/2020 15:30:00,30836.19,30900.12,30378.26,30636.71,0
4/22/2020 15:30:00,30856.14,31471.14,30578.55,31379.55,0
4/23/2020 15:30:00,31646.45,31959.02,31292.92,31863.08,0
4/24/2020 15:30:00,31426.62,31842.24,31278.27,31327.22,0
4/27/2020 15:30:00,31659.04,32103.7,31651.58,31743.08,0
4/28/2020 15:30:00,32101.91,32199.91,31661.34,32114.52,0
4/29/2020 15:30:00,32311.04,32897.59,32171.65,32720.16,0
4/30/2020 15:30:00,33381.19,33887.25,33354.93,33717.62,0
5/4/2020 15:30:00,32748.14,32748.14,31632.02,31715.35,0
5/5/2020 15:30:00,32182.9,32264,31403.57,31453.51,0
5/6/2020 15:30:00,31577.63,31970.84,31158.75,31685.75,0
5/7/2020 15:30:00,31677.69,31705.25,31362.87,31443.38,0
5/8/2020 15:30:00,32083.32,32088.51,31598,31642.7,0
5/11/2020 15:30:00,32030.34,32301.58,31500.87,31561.22,0
5/12/2020 15:30:00,31342.93,31536.89,30844.66,31371.12,0
5/13/2020 15:30:00,32841.87,32845.48,31901.92,32008.61,0
5/14/2020 15:30:00,31466.33,31630.94,31052.65,31122.89,0
5/15/2020 15:30:00,31296.28,31296.28,30770.48,31097.73,0
5/18/2020 15:30:00,31248.26,31248.26,29968.45,30028.98,0
5/19/2020 15:30:00,30450.74,30739.96,30116.82,30196.17,0
5/20/2020 15:30:00,30159.59,30878.31,30157.75,30818.61,0
5/21/2020 15:30:00,30904.29,31188.79,30765.32,30932.9,0
5/22/2020 15:30:00,30822.78,31107.91,30474.88,30672.59,0
5/26/2020 15:30:00,30864.27,31086.7,30512.14,30609.3,0
5/27/2020 15:30:00,30793.11,31660.6,30525.68,31605.22,0
5/28/2020 15:30:00,31827.8,32267.23,31641.77,32200.59,0
5/29/2020 15:30:00,32041.29,32480.52,31823.8,32424.1,0
6/1/2020 15:30:00,32906.05,33673.83,32876.55,33303.52,0
6/2/2020 15:30:00,33450.19,33866.63,33301.29,33825.53,0
6/3/2020 15:30:00,34185.41,34488.69,34027.5,34109.54,0
6/4/2020 15:30:00,34072.5,34310.14,33711.24,33980.7,0
6/5/2020 15:30:00,34198.55,34405.43,33958.02,34287.24,0
6/8/2020 15:30:00,34841.17,34927.8,34211.83,34370.58,0
6/9/2020 15:30:00,34520.79,34811.29,33881.19,33956.69,0
6/10/2020 15:30:00,34029.14,34350.17,33949.46,34247.05,0
6/11/2020 15:30:00,34214.69,34219.39,33480.42,33538.37,0
6/12/2020 15:30:00,32436.69,33856.27,32348.1,33780.89,0
6/15/2020 15:30:00,33670.55,33670.55,32923.74,33228.8,0
6/16/2020 15:30:00,33853.72,34022.01,32953.3,33605.22,0
6/17/2020 15:30:00,33438.31,33933.66,33332.96,33507.92,0
6/18/2020 15:30:00,33371.52,34276.01,33371.52,34208.05,0
6/19/2020 15:30:00,34335.38,34848.37,34136.39,34731.73,0
6/22/2020 15:30:00,34892.03,35213.52,34794.4,34911.32,0
6/23/2020 15:30:00,35015.73,35482.16,34843.69,35430.43,0
6/24/2020 15:30:00,35679.74,35706.55,34794.93,34868.98,0
6/25/2020 15:30:00,34525.39,35081.61,34499.78,34842.1,0
6/26/2020 15:30:00,35144.78,35254.88,34910.34,35171.27,0
6/29/2020 15:30:00,34926.95,35032.36,34662.06,34961.52,0
6/30/2020 15:30:00,35168.3,35233.91,34812.8,34915.8,0
7/1/2020 15:30:00,35009.59,35467.23,34927.2,35414.45,0
7/2/2020 15:30:00,35604,36014.92,35595.36,35843.7,0
7/3/2020 15:30:00,36025.38,36110.21,35872.38,36021.42,0
7/6/2020 15:30:00,36313.46,36661.66,36254.02,36487.28,0
7/7/2020 15:30:00,36660.35,36723.27,36271.09,36674.52,0
7/8/2020 15:30:00,36738.38,36828.43,36234.17,36329.01,0
7/9/2020 15:30:00,36450.69,36806.3,36422.3,36737.69,0
7/10/2020 15:30:00,36555.13,36748.89,36401.11,36594.33,0
7/13/2020 15:30:00,36880.66,37024.2,36533.96,36693.69,0
7/14/2020 15:30:00,36517.28,36538.1,35877.42,36033.06,0
7/15/2020 15:30:00,36314.76,36810.25,35894.96,36051.81,0
7/16/2020 15:30:00,36401.2,36524.62,36038.41,36471.68,0
7/17/2020 15:30:00,36547.75,37125.98,36512.92,37020.14,0
7/20/2020 15:30:00,37409.03,37478.87,37185.78,37418.99,0
7/21/2020 15:30:00,37823.61,37990.55,37742.05,37930.33,0
7/22/2020 15:30:00,38178.07,38199.27,37601.62,37871.52,0
7/23/2020 15:30:00,37814.92,38225.03,37738.59,38140.47,0
7/24/2020 15:30:00,37949.59,38235.73,37748.41,38128.9,0
7/27/2020 15:30:00,38275.34,38275.34,37769.44,37934.73,0
7/28/2020 15:30:00,38052.18,38554.72,37998.13,38492.95,0
7/29/2020 15:30:00,38427.15,38617.03,37884.41,38071.13,0
7/30/2020 15:30:00,38262.83,38413.81,37678.42,37736.07,0
7/31/2020 15:30:00,37847.88,37897.78,37431.68,37606.89,0
8/3/2020 15:30:00,37595.73,37596.02,36911.23,36939.6,0
8/4/2020 15:30:00,37092.86,37745.6,36987.73,37687.91,0
8/5/2020 15:30:00,37892.36,38139.96,37550.6,37663.33,0
8/6/2020 15:30:00,37946.8,38221.4,37755.1,38025.45,0
8/7/2020 15:30:00,37951.07,38109.68,37787.38,38040.57,0
8/10/2020 15:30:00,38168.42,38430.69,38073.29,38182.08,0
8/11/2020 15:30:00,38371.34,38556.27,38313.06,38407.01,0
8/12/2020 15:30:00,38321.13,38414.37,38125.81,38369.63,0
8/13/2020 15:30:00,38456.64,38516.85,38215.05,38310.49,0
8/14/2020 15:30:00,38432.94,38540.57,37654.92,37877.34,0
8/17/2020 15:30:00,38062.07,38119.38,37734.14,38050.78,0
8/18/2020 15:30:00,38084.7,38571.23,38062.01,38528.32,0
8/19/2020 15:30:00,38727.89,38788.51,38550.65,38614.79,0
8/20/2020 15:30:00,38283.9,38402.45,38155.78,38220.39,0
8/21/2020 15:30:00,38471.93,38579.83,38411.37,38434.72,0
8/24/2020 15:30:00,38566.96,38894.94,38545.76,38818.57,0
8/25/2020 15:30:00,38948.46,39008.89,38679.67,38843.88,0
8/26/2020 15:30:00,38930.18,39111.55,38765.09,39073.92,0
8/27/2020 15:30:00,39293.53,39326.98,39046.94,39113.47,0
8/28/2020 15:30:00,39264.48,39579.58,39235.03,39467.31,0
8/31/2020 15:30:00,39888.15,40010.17,38395.89,38628.29,0
9/1/2020 15:30:00,38754,39226.82,38542.11,38900.8,0
9/2/2020 15:30:00,38892.64,39141.84,38736.22,39086.03,0
9/3/2020 15:30:00,39165.8,39236.36,38943.43,38990.94,0
9/4/2020 15:30:00,38325,38729.66,38249.77,38357.18,0
9/7/2020 15:30:00,38284.78,38519.92,38060.74,38507.48,0
9/8/2020 15:30:00,38284.78,38746.48,38275.45,38365.35,0
9/9/2020 15:30:00,37988.56,38252.67,37935.26,38193.92,0
9/10/2020 15:30:00,38516.88,38878.25,38367.07,38840.32,0
9/11/2020 15:30:00,38865.17,38978.52,38711.8,38854.55,0
9/14/2020 15:30:00,39073.51,39230.16,38573.17,38756.63,0
9/15/2020 15:30:00,38904.67,39102.25,38753.68,39044.35,0
9/16/2020 15:30:00,39161.01,39359.51,39037.96,39302.85,0
9/17/2020 15:30:00,39120.64,39234.81,38926.34,38979.85,0
9/18/2020 15:30:00,39200.42,39200.42,38635.73,38845.82,0
9/21/2020 15:30:00,38812.69,38990.76,37938.53,38034.14,0
9/22/2020 15:30:00,38200.71,38209.97,37531.14,37734.08,0
9/23/2020 15:30:00,38124.94,38140.07,37313.09,37668.42,0
9/24/2020 15:30:00,37282.18,37304.26,36495.98,36553.6,0
9/25/2020 15:30:00,36991.89,37471.17,36730.52,37388.66,0
9/28/2020 15:30:00,37756.25,38035.87,37544.05,37981.63,0
9/29/2020 15:30:00,38176.86,38235.94,37831.35,37973.22,0
9/30/2020 15:30:00,38068.89,38236.34,37828.11,38067.93,0
10/1/2020 15:30:00,38410.2,38738.89,38410.2,38697.05,0
10/5/2020 15:30:00,38956.78,39263.85,38819.89,38973.7,0
10/6/2020 15:30:00,39336.34,39623.76,39191.1,39574.57,0
10/7/2020 15:30:00,39633.19,39968.04,39450.82,39878.95,0
10/8/2020 15:30:00,40204.32,40468.88,40062.23,40182.67,0
10/9/2020 15:30:00,40226.25,40585.36,40066.54,40509.49,0
10/12/2020 15:30:00,40716.95,40905.49,40387.4,40593.8,0
10/13/2020 15:30:00,40592.54,40786.82,40461.97,40625.51,0
10/14/2020 15:30:00,40623.19,40880.25,40279.55,40794.74,0
10/15/2020 15:30:00,41048.05,41048.05,39667.47,39728.41,0
10/16/2020 15:30:00,39936.61,40125.71,39699.42,39982.98,0
10/19/2020 15:30:00,40318.57,40519.48,40211.22,40431.6,0
10/20/2020 15:30:00,40420.29,40732.01,40305.59,40544.37,0
10/21/2020 15:30:00,40767.14,40976.02,40150.48,40707.31,0
10/22/2020 15:30:00,40531.31,40721.57,40309.05,40558.49,0
10/23/2020 15:30:00,40728.39,40811.12,40590.9,40685.5,0
10/26/2020 15:30:00,40649.76,40724.4,39948.29,40145.5,0
10/27/2020 15:30:00,40199.08,40555.6,39978.39,40522.1,0
10/28/2020 15:30:00,40664.35,40664.35,39774.6,39922.46,0
10/29/2020 15:30:00,39537.17,40010.83,39524.25,39749.85,0
10/30/2020 15:30:00,39779.82,39988.25,39241.87,39614.07,0
11/2/2020 15:30:00,39880.38,39968.03,39334.92,39757.58,0
11/3/2020 15:30:00,39990.75,40354.73,39952.79,40261.13,0
11/4/2020 15:30:00,40171.71,40693.51,40076.47,40616.14,0
11/5/2020 15:30:00,41112.12,41370.91,41030.17,41340.16,0
11/6/2020 15:30:00,41438.76,41954.93,41383.29,41893.06,0
11/9/2020 15:30:00,42273.97,42645.33,42263.64,42597.43,0
11/10/2020 15:30:00,42959.25,43316.44,42660.09,43277.65,0
11/11/2020 15:30:00,43444.06,43708.47,42970.21,43593.67,0
11/12/2020 15:30:00,43291.89,43543.96,43127.55,43357.19,0
11/13/2020 15:30:00,43298.92,43522.25,43053.37,43443,0
11/17/2020 15:30:00,44095.85,44161.16,43699.22,43952.71,0
11/18/2020 15:30:00,43978.58,44215.49,43785.78,44180.05,0
11/19/2020 15:30:00,43902.24,44230,43518.11,43599.96,0
11/20/2020 15:30:00,43732.14,44013.02,43453.75,43882.25,0
11/23/2020 15:30:00,44164.17,44271.15,43747.22,44077.15,0
11/24/2020 15:30:00,44341.19,44601.63,44247.12,44523.02,0
11/25/2020 15:30:00,44749.73,44825.37,43757.97,43828.1,0
11/26/2020 15:30:00,43967.59,44361.78,43582.4,44259.74,0
11/27/2020 15:30:00,44325.03,44407.28,43995.41,44149.72,0
12/1/2020 15:30:00,44435.83,44730.79,44118.1,44655.44,0
12/2/2020 15:30:00,44729.52,44729.64,44169.97,44618.04,0
12/3/2020 15:30:00,44902.02,44953.01,44551.42,44632.65,0
12/4/2020 15:30:00,44665.91,45148.28,44665.91,45079.55,0
12/7/2020 15:30:00,45099.92,45458.92,45024.47,45426.97,0
12/8/2020 15:30:00,45568.8,45742.23,45335.17,45608.51,0
12/9/2020 15:30:00,45891.04,46164.1,45792.01,46103.5,0
12/10/2020 15:30:00,45999.42,46043.97,45685.87,45959.88,0
12/11/2020 15:30:00,46060.32,46309.63,45706.22,46099.01,0
12/14/2020 15:30:00,46284.7,46373.34,45951.53,46253.46,0
12/15/2020 15:30:00,46287.39,46350.3,45841.67,46263.17,0
12/16/2020 15:30:00,46573.31,46704.97,46402.2,46666.46,0
12/17/2020 15:30:00,46774.32,46992.57,46627.6,46890.34,0
12/18/2020 15:30:00,47026.02,47026.02,46630.31,46960.69,0
12/21/2020 15:30:00,46932.18,47055.69,44923.08,45553.96,0
12/22/2020 15:30:00,45529.61,46080.18,45112.19,46006.69,0
12/23/2020 15:30:00,46072.3,46513.32,45899.1,46444.18,0
12/24/2020 15:30:00,46743.49,47053.4,46539.02,46973.54,0
12/28/2020 15:30:00,47153.59,47406.72,47148.24,47353.75,0
12/29/2020 15:30:00,47466.62,47714.55,47361.9,47613.08,0
12/30/2020 15:30:00,47789.03,47807.85,47358.36,47746.22,0
12/31/2020 15:30:00,47753.11,47896.97,47602.12,47751.33,0
1/1/2021 15:30:00,47785.28,47980.36,47771.15,47868.98,0
1/4/2021 15:30:00,48109.17,48220.47,47594.47,48176.8,0
1/5/2021 15:30:00,48037.63,48486.24,47903.38,48437.78,0
1/6/2021 15:30:00,48616.66,48616.66,47864.14,48174.06,0
1/7/2021 15:30:00,48524.36,48558.34,48037.87,48093.32,0
1/8/2021 15:30:00,48464.91,48854.34,48365.58,48782.51,0
1/11/2021 15:30:00,49252.31,49303.79,48956.38,49269.32,0
1/12/2021 15:30:00,49228.26,49569.14,49079.57,49517.11,0
1/13/2021 15:30:00,49763.93,49795.19,49073.85,49492.32,0
1/14/2021 15:30:00,49432.83,49663.58,49182.37,49584.16,0
1/15/2021 15:30:00,49656.71,49656.71,48795.79,49034.67,0
1/18/2021 15:30:00,49061.22,49122.23,48403.97,48564.27,0
1/19/2021 15:30:00,48900.31,49499.86,48805.54,49398.29,0
1/20/2021 15:30:00,49508.79,49874.42,49373.68,49792.12,0
1/21/2021 15:30:00,50096.57,50184.01,49398.86,49624.76,0
1/22/2021 15:30:00,49594.95,49676.88,48832.08,48878.54,0
1/25/2021 15:30:00,49253.68,49263.15,48274.92,48347.59,0
1/27/2021 15:30:00,48385.28,48387.25,47269.6,47409.93,0
1/28/2021 15:30:00,46834.57,47172.02,46518.48,46874.36,0
1/29/2021 15:30:00,47423.47,47423.66,46160.46,46285.77,0
2/1/2021 15:30:00,46617.95,48764.4,46433.65,48600.61,0
2/2/2021 15:30:00,49193.26,50154.48,49193.26,49797.72,0
2/3/2021 15:30:00,50231.06,50526.39,49515.88,50255.75,0
2/4/2021 15:30:00,50212.25,50687.51,49926.45,50614.29,0
2/5/2021 15:30:00,51031.39,51073.27,50565.29,50731.63,0
2/8/2021 15:30:00,51146.67,51523.38,51146.67,51348.77,0
2/9/2021 15:30:00,51484.23,51835.86,51193.93,51329.08,0
2/10/2021 15:30:00,51355.89,51512.86,50846.22,51309.39,0
2/11/2021 15:30:00,51165.84,51592.45,51157.31,51531.52,0
2/12/2021 15:30:00,51614.77,51804.58,51260.62,51544.3,0
2/15/2021 15:30:00,51907.75,52235.97,51886.46,52154.13,0
2/16/2021 15:30:00,52400.03,52516.76,51863.61,52104.17,0
2/17/2021 15:30:00,51996.94,52078.15,51586.34,51703.83,0
2/18/2021 15:30:00,51903.96,51903.96,51186.68,51324.69,0
2/19/2021 15:30:00,51238.02,51432.99,50624.33,50889.76,0
2/22/2021 15:30:00,50910.51,50986.03,49617.37,49744.32,0
2/23/2021 15:30:00,49994.85,50327.31,49659.85,49751.41,0
2/24/2021 15:30:00,49763.94,50248.81,49648.78,50238.5,0
2/25/2021 15:30:00,51207.61,51386.12,50991.76,51039.31,0
2/26/2021 15:30:00,50256.71,50400.31,48890.48,49099.99,0
3/1/2021 15:30:00,49747.71,50058.42,49440.46,49849.84,0
3/2/2021 15:30:00,50258.09,50439.82,49807.12,50296.89,0
3/3/2021 15:30:00,50738.21,51539.89,50512.84,51444.65,0
3/4/2021 15:30:00,50812.14,51256.55,50539.92,50846.08,0
3/5/2021 15:30:00,50517.36,50886.19,50160.54,50405.32,0
3/8/2021 15:30:00,50654.02,50985.77,50318.26,50441.07,0
3/9/2021 15:30:00,50714.16,51111.94,50396.1,51025.48,0
3/10/2021 15:30:00,51404.68,51430.43,51048.93,51279.51,0
3/12/2021 15:30:00,51660.98,51821.84,50538.43,50792.08,0
3/15/2021 15:30:00,50773.47,50834.78,49799.07,50395.08,0
3/16/2021 15:30:00,50608.42,50857.98,50289.44,50363.96,0
3/17/2021 15:30:00,50436.02,50561.12,49718.65,49801.62,0
3/18/2021 15:30:00,50161.25,50296.35,48962.36,49216.52,0
3/19/2021 15:30:00,48881.19,50003.58,48586.93,49858.24,0
3/22/2021 15:30:00,50161.3,50161.3,49281,49771.3,0
3/23/2021 15:30:00,49876.21,50264.65,49661.92,50051.44,0
3/24/2021 15:30:00,49786.47,49854.58,49120.34,49180.31,0
3/25/2021 15:30:00,49201.98,49247.95,48236.35,48440.12,0
3/26/2021 15:30:00,48969.25,49234.66,48699.91,49008.5,0
3/30/2021 15:30:00,49331.68,50268.45,49331.68,50136.58,0
3/31/2021 15:30:00,50049.12,50050.32,49442.5,49509.15,0
4/1/2021 15:30:00,49868.53,50092.48,49478.53,50029.83,0
4/5/2021 15:30:00,50020.91,50028.67,48580.8,49159.32,0
4/6/2021 15:30:00,49441.13,49582.26,48936.35,49201.39,0
4/7/2021 15:30:00,49277.09,49900.13,49093.9,49661.76,0
4/8/2021 15:30:00,49885.26,50118.08,49581.61,49746.21,0
4/9/2021 15:30:00,49743.39,49906.91,49461.01,49591.32,0
4/12/2021 15:30:00,48956.65,48956.65,47693.44,47883.38,0
4/13/2021 15:30:00,47991.53,48627.43,47775.32,48544.06,0
4/15/2021 15:30:00,48512.77,48887.85,48010.55,48803.68,0
4/16/2021 15:30:00,48935.74,49089.55,48694.49,48832.03,0
4/19/2021 15:30:00,47940.81,48020.79,47362.71,47977.82,0
4/20/2021 15:30:00,48473.04,48478.34,47438.5,47705.8,0
4/22/2021 15:30:00,47501.71,48143.16,47204.5,48080.67,0
4/23/2021 15:30:00,47863.81,48265.39,47669.55,47878.45,0
4/26/2021 15:30:00,48197.37,48667.98,48152.24,48386.51,0
4/27/2021 15:30:00,48424.08,49009.26,48399.53,48944.14,0
4/28/2021 15:30:00,49066.64,49801.48,49066.64,49733.84,0
4/29/2021 15:30:00,50093.86,50375.77,49535.98,49765.94,0
4/30/2021 15:30:00,49360.89,49569.42,48698.08,48782.36,0
5/3/2021 15:30:00,48356.01,48863.23,48028.07,48718.52,0
5/4/2021 15:30:00,48881.63,48996.53,48149.45,48253.51,0
5/5/2021 15:30:00,48569.12,48742.72,48254.32,48677.55,0
5/6/2021 15:30:00,48877.78,49011.31,48614.11,48949.76,0
5/7/2021 15:30:00,49169.14,49417.64,49036.38,49206.47,0
5/10/2021 15:30:00,49496.05,49617.47,49412.05,49502.41,0
5/11/2021 15:30:00,49066.45,49304.47,48988.18,49161.81,0
5/12/2021 15:30:00,49171.28,49171.28,48550.72,48690.8,0
5/14/2021 15:30:00,48898.93,48898.93,48473.43,48732.55,0
5/17/2021 15:30:00,48990.7,49628.42,48923.13,49580.73,0
5/18/2021 15:30:00,49986.68,50313.25,49959.2,50193.33,0
5/19/2021 15:30:00,50088.81,50279.01,49831.4,49902.64,0
5/20/2021 15:30:00,49971.52,50099.17,49496.78,49564.86,0
5/21/2021 15:30:00,49833.98,50591.12,49832.72,50540.48,0
5/24/2021 15:30:00,50727.28,50857.59,50465.9,50651.9,0
5/25/2021 15:30:00,50922.32,50961.35,50474.34,50637.53,0
5/26/2021 15:30:00,50899.58,51072.61,50620.45,51017.52,0
5/27/2021 15:30:00,51128.8,51282.9,50891.66,51115.22,0
5/28/2021 15:30:00,51381.27,51529.32,51258.69,51422.88,0
5/31/2021 15:30:00,51476.22,52013.22,51179.94,51937.44,0
6/1/2021 15:30:00,52067.51,52228.65,51808.88,51934.88,0
6/2/2021 15:30:00,51749.1,51913.92,51450.58,51849.48,0
6/3/2021 15:30:00,52121.58,52273.23,51942.2,52232.43,0
6/4/2021 15:30:00,52367.52,52389.02,51952.7,52100.05,0
6/7/2021 15:30:00,52231.38,52378.69,52054.76,52328.51,0
6/8/2021 15:30:00,52428.72,52432.43,52135.04,52275.57,0
6/9/2021 15:30:00,52401.41,52446.92,51717.07,51941.64,0
6/10/2021 15:30:00,52143.9,52346.35,51957.92,52300.47,0
6/11/2021 15:30:00,52477.19,52641.53,52388.95,52474.76,0
6/14/2021 15:30:00,52492.34,52590.92,51936.31,52551.53,0
6/15/2021 15:30:00,52751.83,52869.51,52671.29,52773.05,0
6/16/2021 15:30:00,52782.21,52816.31,52425.57,52501.98,0
6/17/2021 15:30:00,52122.25,52523.88,52040.51,52323.33,0
6/18/2021 15:30:00,52568.07,52586.41,51601.11,52344.45,0
6/21/2021 15:30:00,51887.55,52629.18,51740.19,52574.46,0
6/22/2021 15:30:00,52885.04,53057.11,52520.55,52588.71,0
6/23/2021 15:30:00,52912.35,52912.35,52264.12,52306.08,0
6/24/2021 15:30:00,52514.57,52830.68,52385.05,52699,0
6/25/2021 15:30:00,52877.16,52973.07,52614.49,52925.04,0
6/28/2021 15:30:00,53126.73,53126.73,52673.5,52735.59,0
6/29/2021 15:30:00,52795.76,52816.42,52477.77,52549.66,0
6/30/2021 15:30:00,52651.09,52875.92,52448.64,52482.71,0
7/1/2021 15:30:00,52638.5,52638.5,52281.01,52318.6,0
7/2/2021 15:30:00,52434.55,52527.9,52177.68,52484.67,0
7/5/2021 15:30:00,52682.89,52919.17,52604.35,52880,0
7/6/2021 15:30:00,52874.85,53129.37,52804.18,52861.18,0
7/7/2021 15:30:00,52919.71,53105.41,52751.76,53054.76,0
7/8/2021 15:30:00,53065.69,53103.03,52428.84,52568.94,0
7/9/2021 15:30:00,52508.24,52555.73,52228.01,52386.19,0
7/12/2021 15:30:00,52634.33,52700.51,52208.96,52372.69,0
7/13/2021 15:30:00,52694.89,52806.86,52545.68,52769.73,0
7/14/2021 15:30:00,52801.44,52978.58,52611.97,52904.05,0
7/15/2021 15:30:00,52968.89,53266.12,52948.43,53158.85,0
7/16/2021 15:30:00,53244.4,53290.81,52997.09,53140.06,0
7/19/2021 15:30:00,52606.99,52821.17,52405.89,52553.4,0
7/20/2021 15:30:00,52432.88,52465.03,52013.51,52198.51,0
7/22/2021 15:30:00,52494.56,52867.26,52471.23,52837.21,0
7/23/2021 15:30:00,52967.87,53114.7,52653.77,52975.8,0
7/26/2021 15:30:00,52985.26,53103.42,52783.63,52852.27,0
7/27/2021 15:30:00,52995.72,53024.7,52433.18,52578.76,0
7/28/2021 15:30:00,52673.69,52673.69,51802.73,52443.71,0
7/29/2021 15:30:00,52693.53,52777.18,52561.39,52653.07,0
7/30/2021 15:30:00,52792.36,52910.23,52533.91,52586.84,0
8/2/2021 15:30:00,52792.36,52986.77,52792.36,52950.63,0
8/3/2021 15:30:00,53125.97,53887.98,53088.35,53823.36,0
8/4/2021 15:30:00,54071.22,54465.91,54034.31,54369.77,0
8/5/2021 15:30:00,54576.64,54717.24,54230.89,54492.84,0
8/6/2021 15:30:00,54492.17,54633.58,54210.33,54277.72,0
8/9/2021 15:30:00,54385.71,54584.73,54124.27,54402.85,0
8/10/2021 15:30:00,54461.31,54779.66,54308.77,54554.66,0
8/11/2021 15:30:00,54730.65,54758.74,54167.2,54525.93,0
8/12/2021 15:30:00,54641.22,54874.1,54536.65,54843.98,0
8/13/2021 15:30:00,54911.95,55487.79,54905.49,55437.29,0
8/16/2021 15:30:00,55479.74,55680.75,55281.02,55582.58,0
8/17/2021 15:30:00,55565.64,55854.88,55386.49,55792.27,0
8/18/2021 15:30:00,56073.31,56118.57,55514.89,55629.49,0
8/20/2021 15:30:00,55159.13,55543.16,55013.98,55329.32,0
8/23/2021 15:30:00,55695.84,55781.17,55240.29,55555.79,0
8/24/2021 15:30:00,55647.11,56023.22,55536.84,55958.98,0
8/25/2021 15:30:00,56067.06,56198.13,55899.96,55944.21,0
8/26/2021 15:30:00,55988.41,56112.39,55854.07,55949.1,0
8/27/2021 15:30:00,55862.93,56188.23,55675.87,56124.72,0
8/30/2021 15:30:00,56329.25,56958.27,56309.86,56889.76,0
8/31/2021 15:30:00,56995.15,57625.26,56859.1,57552.39,0
9/1/2021 15:30:00,57763.53,57918.71,57263.9,57338.21,0
9/2/2021 15:30:00,57423.65,57892.37,57287.79,57852.54,0
9/3/2021 15:30:00,57983.45,58194.79,57764.07,58129.95,0
9/6/2021 15:30:00,58411.62,58515.85,58200.29,58296.91,0
9/7/2021 15:30:00,58418.69,58553.07,58005.07,58279.48,0
9/8/2021 15:30:00,58350.56,58372.94,57924.48,58250.26,0
9/9/2021 15:30:00,58172.98,58334.59,58084.99,58305.07,0
9/13/2021 15:30:00,58262.11,58314.64,57944.63,58177.76,0
9/14/2021 15:30:00,58482.62,58482.62,58214.29,58247.09,0
9/15/2021 15:30:00,58354.11,58777.06,58272.82,58723.2,0
9/16/2021 15:30:00,58881.04,59204.29,58700.5,59141.16,0
9/17/2021 15:30:00,59409.98,59737.32,58871.73,59015.89,0
9/20/2021 15:30:00,58634.69,59202.56,58389.69,58490.93,0
9/21/2021 15:30:00,58630.06,59084.51,58232.54,59005.27,0
9/22/2021 15:30:00,59166.15,59178.44,58878.38,58927.33,0
9/23/2021 15:30:00,59358.18,59957.25,59243.15,59885.36,0
9/24/2021 15:30:00,60158.76,60333,59946.55,60048.47,0
9/27/2021 15:30:00,60303.79,60412.32,59887.19,60077.88,0
9/28/2021 15:30:00,60285.89,60288.44,59045.53,59667.6,0
9/29/2021 15:30:00,59296.54,59678.66,59111.41,59413.27,0
9/30/2021 15:30:00,59549.57,59557.24,59019.28,59126.36,0
10/1/2021 15:30:00,58889.77,58890.08,58551.14,58765.58,0
10/4/2021 15:30:00,59143,59548.82,58952.11,59299.32,0
10/5/2021 15:30:00,59320.14,59778.87,59127.04,59744.88,0
10/6/2021 15:30:00,59942,59963.57,59079.86,59189.73,0
10/7/2021 15:30:00,59632.81,59914.91,59597.06,59677.83,0
10/8/2021 15:30:00,59960.39,60212.3,59830.93,60059.06,0
10/11/2021 15:30:00,60099.68,60476.13,59811.42,60135.78,0
10/12/2021 15:30:00,60045.75,60331.74,59885.39,60284.31,0
10/13/2021 15:30:00,60619.91,60836.63,60452.29,60737.05,0
10/14/2021 15:30:00,61088.82,61353.25,60978.04,61305.95,0
10/18/2021 15:30:00,61817.32,61963.07,61624.65,61765.59,0
10/19/2021 15:30:00,62156.48,62245.43,61594.29,61716.05,0
10/20/2021 15:30:00,61800.07,61880.36,61109.29,61259.96,0
10/21/2021 15:30:00,61557.94,61621.2,60485.65,60923.5,0
10/22/2021 15:30:00,61044.54,61420.13,60551.15,60821.62,0
10/25/2021 15:30:00,61398.75,61404.99,60449.68,60967.05,0
10/26/2021 15:30:00,60997.9,61497.71,60791.29,61350.26,0
10/27/2021 15:30:00,61499.7,61576.85,60989.39,61143.33,0
10/28/2021 15:30:00,61081,61081,59777.58,59984.7,0
10/29/2021 15:30:00,59857.33,60132.81,59089.37,59306.93,0
11/1/2021 15:30:00,59577.48,60220.21,59355.12,60138.46,0
11/2/2021 15:30:00,60360.61,60421.14,59881.75,60029.06,0
11/3/2021 15:30:00,60275.21,60361.82,59552.49,59771.92,0
11/4/2021 19:15:00,60207.97,60207.97,60011.46,60067.62,0
11/8/2021 15:30:00,60385.76,60609.16,59779.19,60545.61,0
11/9/2021 15:30:00,60609.72,60670.47,60213.64,60433.45,0
11/10/2021 15:30:00,60295.26,60506.5,59967.45,60352.82,0
11/11/2021 15:30:00,60291.7,60293.25,59656.26,59919.69,0
11/12/2021 15:30:00,60248.04,60750.72,59997.96,60686.69,0
11/15/2021 15:30:00,60837.4,61036.56,60597.36,60718.71,0
11/16/2021 15:30:00,60755.38,60802.79,60199.56,60322.37,0
11/17/2021 15:30:00,60179.93,60426.61,59944.77,60008.33,0
11/18/2021 15:30:00,59968.75,60177.52,59376.5,59636.01,0
11/22/2021 15:30:00,59710.48,59778.37,58011.92,58465.89,0
11/23/2021 15:30:00,57983.95,58834.95,57718.34,58664.33,0
11/24/2021 15:30:00,58839.32,58968.12,58143.44,58340.99,0
11/25/2021 15:30:00,58363.93,58901.58,58143.86,58795.09,0
11/26/2021 15:30:00,58254.79,58254.79,56993.89,57107.15,0
11/29/2021 15:30:00,57028.04,57626.51,56382.93,57260.58,0
11/30/2021 15:30:00,57272.08,58183.77,56867.51,57064.87,0
12/1/2021 15:30:00,57365.85,57846.45,57346.78,57684.79,0
12/2/2021 15:30:00,57781.48,58513.93,57680.41,58461.29,0
12/3/2021 15:30:00,58555.58,58757.09,57640.57,57696.46,0
12/6/2021 15:30:00,57778.01,57781.46,56687.62,56747.14,0
12/7/2021 15:30:00,57125.98,57905.63,56992.27,57633.65,0
12/8/2021 15:30:00,58158.56,58702.65,58122.27,58649.68,0
12/9/2021 15:30:00,58831.41,58889.96,58340.85,58807.13,0
12/10/2021 15:30:00,58696.71,58859.91,58414.76,58786.67,0
12/13/2021 15:30:00,59103.72,59203.37,58242.8,58283.42,0
12/14/2021 15:30:00,58059.76,58322.42,57803.87,58117.09,0
12/15/2021 15:30:00,58122,58218.25,57671.61,57788.03,0
12/16/2021 15:30:00,58243.43,58337.2,57683.11,57901.14,0
12/17/2021 15:30:00,58021.63,58062.28,56950.98,57011.74,0
12/20/2021 15:30:00,56517.26,56538.15,55132.68,55822.01,0
12/21/2021 15:30:00,56320.02,56900.74,56047.22,56319.01,0
12/22/2021 15:30:00,56599.47,56989.01,56471.03,56930.56,0
12/23/2021 15:30:00,57251.15,57490.52,57146.28,57315.28,0
12/24/2021 15:30:00,57567.11,57623.69,56813.42,57124.31,0
12/27/2021 15:30:00,56948.33,57512.01,56543.08,57420.24,0
12/28/2021 15:30:00,57751.21,57952.48,57650.29,57897.48,0
12/29/2021 15:30:00,57892.31,58097.07,57684.58,57806.49,0
12/30/2021 15:30:00,57755.4,58010.03,57578.99,57794.32,0
12/31/2021 15:30:00,57849.76,58409.3,57846.52,58253.82,0
1/3/2022 15:30:00,58310.09,59266.39,58306.45,59183.22,0
1/4/2022 15:30:00,59343.79,59937.33,59084.4,59855.93,0
1/5/2022 15:30:00,59921.98,60332.72,59661.38,60223.15,0
1/6/2022 15:30:00,59731.75,59781.86,59290.58,59601.84,0
1/7/2022 15:30:00,59776.1,60130.18,59401.44,59744.65,0
1/10/2022 15:30:00,60070.39,60427.36,59987.18,60395.63,0
1/11/2022 15:30:00,60342.7,60689.25,60281.52,60616.89,0
1/12/2022 15:30:00,61014.37,61218.19,60850.93,61150.04,0
1/13/2022 15:30:00,61259.99,61348.57,60949.81,61235.3,0
1/14/2022 15:30:00,61040.32,61324.59,60757.03,61223.03,0
1/17/2022 15:30:00,61219.64,61385.48,61107.6,61308.91,0
1/18/2022 15:30:00,61430.77,61475.15,60662.57,60754.86,0
1/19/2022 15:30:00,60845.59,60870.17,59949.22,60098.82,0
1/20/2022 15:30:00,60045.48,60045.48,59068.31,59464.62,0
1/21/2022 15:30:00,59039.37,59329.63,58620.93,59037.18,0
1/24/2022 15:30:00,59023.97,59023.97,56984.01,57491.51,0
1/25/2022 15:30:00,57158.63,57966.93,56409.63,57858.15,0
1/27/2022 15:30:00,57317.38,57508.61,56439.36,57276.94,0
1/28/2022 15:30:00,57795.11,58084.33,57119.28,57200.23,0
1/31/2022 15:30:00,57845.91,58257.63,57746.15,58014.17,0
2/1/2022 15:30:00,58672.86,59032.2,57737.66,58862.57,0
2/2/2022 15:30:00,59293.44,59618.51,59193.05,59558.33,0
2/3/2022 15:30:00,59528.16,59557.87,58653.94,58788.02,0
2/4/2022 15:30:00,58918.65,58943.62,58446.95,58644.82,0
2/7/2022 15:30:00,58549.67,58707.76,57299.05,57621.19,0
2/8/2022 15:30:00,57799.67,57925.82,57058.77,57808.58,0
2/9/2022 15:30:00,58163.01,58507.61,58105.18,58465.97,0
2/10/2022 15:30:00,58810.53,59060.24,58332.28,58926.03,0
2/11/2022 15:30:00,58447.15,58447.15,57914.1,58152.92,0
2/14/2022 15:30:00,56720.32,57191.91,56295.7,56405.84,0
2/15/2022 15:30:00,56731.56,58211.38,56438.47,58142.05,0
2/16/2022 15:30:00,58310.68,58569.22,57780.28,57996.68,0
2/17/2022 15:30:00,58217.69,58346,57635.43,57892.01,0
2/18/2022 15:30:00,57760.9,58175.35,57663.42,57832.97,0
2/21/2022 15:30:00,57551.65,58141.96,57167.02,57683.59,0
2/22/2022 15:30:00,56438.64,57505.85,56394.85,57300.68,0
2/23/2022 15:30:00,57632.94,57733.37,57109.24,57232.06,0
2/24/2022 15:30:00,55418.45,55996.09,54383.2,54529.91,0
2/25/2022 15:30:00,55321.72,56183.7,55299.28,55858.52,0
2/28/2022 15:30:00,55329.46,56324.54,54833.5,56247.28,0
3/2/2022 15:30:00,55629.3,55755.09,55020.1,55468.9,0
3/3/2022 15:30:00,55921.44,55996.62,54931.48,55102.68,0
3/4/2022 15:30:00,54653.59,55013.27,53887.72,54333.81,0
3/7/2022 15:30:00,53172.51,53203.87,52367.1,52842.75,0
3/8/2022 15:30:00,52430.06,53484.26,52260.82,53424.09,0
3/9/2022 15:30:00,53793.99,54893.73,53367.52,54647.33,0
3/10/2022 15:30:00,56242.47,56242.47,54982.82,55464.39,0
3/11/2022 15:30:00,55218.78,55833.95,55049.95,55550.3,0
3/14/2022 15:30:00,55614.4,56545.83,55556.47,56486.02,0
3/15/2022 15:30:00,56663.87,56720.6,55418.95,55776.85,0
3/16/2022 15:30:00,56555.33,56860.89,56389.26,56816.65,0
3/17/2022 15:30:00,57620.28,58095.84,57518.06,57863.93,0
3/21/2022 15:30:00,58030.41,58127.95,57229.08,57292.49,0
3/22/2022 15:30:00,57297.57,58052.87,56930.3,57989.3,0
3/23/2022 15:30:00,58198.64,58416.56,57568.59,57684.82,0
3/24/2022 15:30:00,57190.05,57827.99,57138.51,57595.68,0
3/25/2022 15:30:00,57801.72,57845.37,57100.24,57362.2,0
3/28/2022 15:30:00,57472.72,57638.34,56825.09,57593.49,0
3/29/2022 15:30:00,57814.76,58001.53,57639.35,57943.65,0
3/30/2022 15:30:00,58362.85,58727.78,58176,58683.99,0
3/31/2022 15:30:00,58779.71,58890.92,58485.79,58568.51,0
4/1/2022 15:30:00,58530.73,59396.62,58450.04,59276.69,0
4/4/2022 15:30:00,59764.13,60845.1,59760.22,60611.74,0
4/5/2022 15:30:00,60786.07,60786.07,60067.18,60176.5,0
4/6/2022 15:30:00,59815.71,59941.57,59509.84,59610.41,0
4/7/2022 15:30:00,59402.61,59504.92,58977.35,59034.95,0
4/8/2022 15:30:00,59256.97,59654.44,58876.36,59447.18,0
4/11/2022 15:30:00,59333.18,59355.76,58894.4,58964.57,0
4/12/2022 15:30:00,58743.5,58794.78,58298.57,58576.37,0
4/13/2022 15:30:00,58910.74,59003.82,58291.23,58338.93,0
4/18/2022 15:30:00,57338.58,57420.8,56842.39,57166.74,0
4/19/2022 15:30:00,57381.77,57464.08,56009.07,56463.15,0
4/20/2022 15:30:00,56741.43,57216.51,56521.33,57037.5,0
4/21/2022 15:30:00,57458.6,57991.53,57311.86,57911.68,0
4/22/2022 15:30:00,57531.95,57689.86,57134.72,57197.15,0
4/25/2022 15:30:00,56757.64,56875.65,56356.87,56579.89,0
4/26/2022 15:30:00,57066.24,57442.24,56904.51,57356.61,0
4/27/2022 15:30:00,56983.68,57079.03,56584.04,56819.39,0
4/28/2022 15:30:00,57296.31,57790.85,56936.94,57521.06,0
4/29/2022 15:30:00,57817.51,57975.48,56902.3,57060.87,0
5/2/2022 15:30:00,56429.45,57054.23,56412.62,56975.99,0
5/4/2022 15:30:00,57124.91,57184.21,55501.6,55669.03,0
5/5/2022 15:30:00,56255.07,56566.8,55613.82,55702.23,0
5/6/2022 15:30:00,54928.29,55070.12,54586.75,54835.58,0
5/9/2022 15:30:00,54188.21,54795.47,53918.02,54470.67,0
5/10/2022 15:30:00,54309.31,54857.02,54226.33,54364.85,0
5/11/2022 15:30:00,54544.91,54598.55,53519.3,54088.39,0
5/12/2022 15:30:00,53608.35,53632.55,52702.3,52930.31,0
5/13/2022 15:30:00,53565.74,53785.71,52654.89,52793.62,0
5/16/2022 15:30:00,52946.32,53428.28,52632.48,52973.84,0
5/17/2022 15:30:00,53285.19,54399.42,53176.02,54318.47,0
5/18/2022 15:30:00,54554.89,54786,54130.89,54208.53,0
5/19/2022 15:30:00,53070.3,53356.04,52669.51,52792.23,0
5/20/2022 15:30:00,53513.97,54396.43,53403.29,54326.39,0
5/23/2022 15:30:00,54459.95,54931.3,54191.55,54288.61,0
5/24/2022 15:30:00,54307.56,54524.37,53886.28,54052.61,0
5/25/2022 15:30:00,54254.07,54379.59,53683.16,53749.26,0
5/26/2022 15:30:00,53950.84,54346.22,53425.25,54252.53,0
5/27/2022 15:30:00,54671.5,54936.63,54449.34,54884.66,0
5/30/2022 15:30:00,55507.75,56082.65,55466.3,55925.74,0
5/31/2022 15:30:00,55622.01,55925.62,55369.14,55566.41,0
6/1/2022 15:30:00,55588.27,55791.49,55091.43,55381.17,0
6/2/2022 15:30:00,55382.44,55891.92,55135.11,55818.11,0
6/3/2022 15:30:00,56245.6,56432.65,55719.36,55769.23,0
6/6/2022 15:30:00,55610.64,55832.28,55295.74,55675.32,0
6/7/2022 15:30:00,55373.18,55387.77,54882.41,55107.34,0
6/8/2022 15:30:00,55345.51,55423.97,54683.3,54892.49,0
6/9/2022 15:30:00,54514.17,55366.84,54507.41,55320.28,0
6/10/2022 15:30:00,54760.25,54780.78,54205.99,54303.44,0
6/13/2022 15:30:00,53184.61,53207.54,52527.08,52846.7,0
6/14/2022 15:30:00,52495.94,53095.32,52459.48,52693.57,0
6/15/2022 15:30:00,52650.41,52867.73,52493.36,52541.39,0
6/16/2022 15:30:00,53018.91,53142.5,51425.48,51495.79,0
6/17/2022 15:30:00,51181.99,51652.83,50921.22,51360.42,0
6/20/2022 15:30:00,51470.03,51714.61,51062.93,51597.84,0
6/21/2022 15:30:00,51897.6,52799.4,51808.76,52532.07,0
6/22/2022 15:30:00,52186.36,52272.85,51739.98,51822.53,0
6/23/2022 15:30:00,51972.75,52516.79,51632.85,52265.72,0
6/24/2022 15:30:00,52654.24,52909.87,52447.25,52727.98,0
6/27/2022 15:30:00,53468.89,53509.5,53120.79,53161.28,0
6/28/2022 15:30:00,52846.26,53301.4,52771.53,53177.45,0
6/29/2022 15:30:00,52623.15,53244.84,52612.68,53026.97,0
6/30/2022 15:30:00,52897.16,53377.54,52883.25,53018.94,0
7/1/2022 15:30:00,52863.34,53053.04,52094.25,52907.93,0
7/4/2022 15:30:00,52851.67,53301.99,52674.81,53234.77,0
7/5/2022 15:30:00,53501.21,53865.93,53054.3,53134.35,0
7/6/2022 15:30:00,53170.7,53819.31,53143.28,53750.97,0
7/7/2022 15:30:00,54146.68,54254.79,53927.26,54178.46,0
7/8/2022 15:30:00,54574.43,54627.14,54278.77,54481.84,0
7/11/2022 15:30:00,54248.6,54527.9,54090.53,54395.23,0
7/12/2022 15:30:00,54219.78,54236.49,53824.97,53886.61,0
7/13/2022 15:30:00,54210.1,54211.22,53455.26,53514.15,0
7/14/2022 15:30:00,53688.62,53861.28,53163.77,53416.15,0
7/15/2022 15:30:00,53637.88,53811.37,53361.62,53760.78,0
7/18/2022 15:30:00,54069.3,54556.66,54034.97,54521.15,0
7/19/2022 15:30:00,54251.88,54817.52,54232.82,54767.62,0
7/20/2022 15:30:00,55486.12,55630.26,55298.23,55397.53,0
7/21/2022 15:30:00,55391.93,55738.49,55270.75,55681.95,0
7/22/2022 15:30:00,55800.84,56186.05,55685.45,56072.23,0
7/25/2022 15:30:00,55877.5,56018.09,55537.08,55766.22,0
7/26/2022 15:30:00,55834.38,55834.38,55203.43,55268.49,0
7/27/2022 15:30:00,55258.29,55853.09,55157.99,55816.32,0
7/28/2022 15:30:00,56267.55,56914.22,56236.45,56857.79,0
7/29/2022 15:30:00,57258.13,57619.27,57104.81,57570.25,0
8/1/2022 15:30:00,57823.1,58170.67,57540.36,58115.5,0
8/2/2022 15:30:00,58049.02,58328.41,57744.7,58136.36,0
8/3/2022 15:30:00,58174.11,58415.63,57788.78,58350.53,0
8/4/2022 15:30:00,58571.28,58712.66,57577.05,58298.8,0
8/5/2022 15:30:00,58421.04,58649.19,58244.86,58387.93,0
8/8/2022 15:30:00,58417.71,58934.9,58266.65,58853.07,0
8/10/2022 15:30:00,58977.34,58984.32,58583.36,58817.29,0
8/11/2022 15:30:00,59320.45,59484.99,59251.14,59332.6,0
8/12/2022 15:30:00,59235.98,59538.08,59113.01,59462.78,0
8/16/2022 15:30:00,59675.12,59923.03,59673.96,59842.21,0
8/17/2022 15:30:00,59938.05,60323.25,59857.8,60260.13,0
8/18/2022 15:30:00,60080.19,60341.41,59946.44,60298,0
8/19/2022 15:30:00,60351.23,60411.2,59474.57,59646.15,0
8/22/2022 15:30:00,59361.08,59402.5,58705.11,58773.87,0
8/23/2022 15:30:00,58205.97,59199.11,58172.48,59031.3,0
8/24/2022 15:30:00,58853.32,59170.87,58760.09,59085.43,0
8/25/2022 15:30:00,59315.98,59484.35,58666.41,58774.72,0
8/26/2022 15:30:00,59050.67,59321.65,58722.69,58833.87,0
8/29/2022 15:30:00,57367.47,58208.3,57367.47,57972.62,0
8/30/2022 15:30:00,58259.85,59599.78,58245.49,59537.07,0
9/1/2022 15:30:00,58710.53,59309.79,58522.57,58766.59,0
9/2/2022 15:30:00,58969.02,59108.66,58558.64,58803.33,0
9/5/2022 15:30:00,58814.08,59308.25,58812.2,59245.98,0
9/6/2022 15:30:00,59285.36,59566.67,58974.26,59196.99,0
9/7/2022 15:30:00,58789.26,59166.46,58722.89,59028.91,0
9/8/2022 15:30:00,59374.99,59711.96,59315.71,59688.22,0
9/9/2022 15:30:00,60045.75,60119.8,59634.39,59793.14,0
9/12/2022 15:30:00,59912.29,60284.55,59912.29,60115.13,0
9/13/2022 15:30:00,60408.29,60635.28,60381.02,60571.08,0
9/14/2022 15:30:00,59417.12,60649.04,59417.12,60346.97,0
9/15/2022 15:30:00,60454.37,60676.12,59865.75,59934.01,0
9/16/2022 15:30:00,59585.72,59720.56,58687.17,58840.79,0
9/19/2022 15:30:00,58747.31,59277.55,58487.76,59141.23,0
9/20/2022 15:30:00,59556.91,60105.79,59556.91,59719.74,0
9/21/2022 15:30:00,59504.14,59799.04,59275.4,59456.78,0
9/22/2022 15:30:00,59073.84,59457.58,58832.78,59119.72,0
9/23/2022 15:30:00,59005.18,59143.32,57981.95,58098.92,0
9/26/2022 15:30:00,57525.03,57708.38,57038.24,57145.22,0
9/27/2022 15:30:00,57376.52,57704.57,56950.52,57107.52,0
9/28/2022 15:30:00,56710.13,57213.33,56485.67,56598.28,0
9/29/2022 15:30:00,56997.9,57166.14,56314.05,56409.96,0
9/30/2022 15:30:00,56240.15,57722.63,56147.23,57426.92,0
10/3/2022 15:30:00,57403.92,57454.84,56683.4,56788.81,0
10/4/2022 15:30:00,57506.65,58099.94,57506.65,58065.47,0
10/6/2022 15:30:00,58314.05,58578.76,58173.7,58222.1,0
10/7/2022 15:30:00,58092.56,58269.34,57851.15,58191.29,0
10/10/2022 15:30:00,57424.07,58125.01,57365.68,57991.11,0
10/11/2022 15:30:00,58004.25,58027.52,57050.4,57147.32,0
10/12/2022 15:30:00,57312.49,57687.64,57085.92,57625.91,0
10/13/2022 15:30:00,57512.74,57568.14,57055.75,57235.33,0
10/14/2022 15:30:00,58162.74,58435.12,57848.23,57919.97,0
10/17/2022 15:30:00,57752.5,58449,57639.8,58410.98,0
10/18/2022 15:30:00,58744.13,59143.66,58744.13,58960.6,0
10/19/2022 15:30:00,59196.96,59399.69,58961.77,59107.19,0
10/20/2022 15:30:00,58824.48,59273.85,58791.28,59202.9,0
10/21/2022 15:30:00,59381.36,59590.93,59132.94,59307.15,0
10/25/2022 15:30:00,60002.96,60081.24,59489.02,59543.96,0
10/27/2022 15:30:00,59792.32,59959.94,59496.8,59756.84,0
10/28/2022 15:30:00,59746.8,60133.17,59739.05,59959.85,0
10/31/2022 15:30:00,60246.96,60786.7,60246.96,60746.59,0
11/1/2022 15:30:00,61065.58,61289.73,60868.69,61121.35,0
11/2/2022 15:30:00,61156.89,61209.65,60794.39,60906.09,0
11/3/2022 15:30:00,60511.57,60994.37,60485.14,60836.41,0
11/4/2022 15:30:00,60698.27,61004.49,60666.01,60950.36,0
11/7/2022 15:30:00,61188.13,61401.54,60714.36,61185.15,0
11/9/2022 15:30:00,61304.29,61447.23,60905.15,61033.55,0
11/10/2022 15:30:00,60524.27,60848.73,60425.47,60613.7,0
11/11/2022 15:30:00,61311.02,61840.97,61311.02,61795.04,0
11/14/2022 15:30:00,61765.86,61916.24,61572.03,61624.15,0
11/15/2022 15:30:00,61630.05,61955.96,61436.9,61872.99,0
11/16/2022 15:30:00,61708.63,62052.57,61708.63,61980.72,0
11/17/2022 15:30:00,61812.36,62050.8,61643.27,61750.6,0
11/18/2022 15:30:00,61858.2,61929.88,61337.43,61663.48,0
11/21/2022 15:30:00,61456.33,61456.33,61059.33,61144.84,0
11/22/2022 15:30:00,61126.56,61466.63,61073.68,61418.96,0
11/23/2022 15:30:00,61779.71,61780.9,61442.69,61510.58,0
11/24/2022 15:30:00,61656,62412.33,61600.42,62272.68,0
11/25/2022 15:30:00,62327.88,62447.73,62115.66,62293.64,0
11/28/2022 15:30:00,62016.35,62701.4,61959.74,62504.8,0
11/29/2022 15:30:00,62362.08,62887.4,62362.08,62681.84,0
11/30/2022 15:30:00,62743.47,63303.01,62648.38,63099.65,0
12/1/2022 15:30:00,63357.99,63583.07,63183.77,63284.19,0
12/2/2022 15:30:00,62978.58,63148.59,62679.63,62868.5,0
12/5/2022 15:30:00,62865.28,62939.63,62507.88,62834.6,0
12/6/2022 15:30:00,62395.55,62677.84,62390.07,62626.36,0
12/7/2022 15:30:00,62615.52,62759.97,62316.65,62410.68,0
12/8/2022 15:30:00,62504.04,62633.56,62320.18,62570.68,0
12/9/2022 15:30:00,62690.86,62735.42,61889.11,62181.67,0
12/12/2022 15:30:00,61770.56,62239.42,61676.15,62130.57,0
12/13/2022 15:30:00,62300.67,62567.92,62129.57,62533.3,0
12/14/2022 15:30:00,62685.94,62835.11,62591.28,62677.91,0
12/15/2022 15:30:00,62530.07,62624.81,61715.61,61799.03,0
12/16/2022 15:30:00,61534.24,61893.22,61292.53,61337.81,0
12/19/2022 15:30:00,61405.8,61844.92,61265.31,61806.19,0
12/20/2022 15:30:00,61608.85,61780.37,61102.68,61702.29,0
12/21/2022 15:30:00,61993.71,62006.46,60938.38,61067.24,0
12/22/2022 15:30:00,61257.17,61464.38,60637.24,60826.22,0
12/23/2022 15:30:00,60205.56,60546.88,59765.56,59845.29,0
12/26/2022 15:30:00,59755.08,60833.78,59754.1,60566.42,0
12/27/2022 15:30:00,60861.41,60986.68,60405.66,60927.43,0
12/28/2022 15:30:00,60811.52,61075.33,60713.77,60910.28,0
12/29/2022 15:30:00,60628.29,61210.65,60479.06,61133.88,0
12/30/2022 15:30:00,61329.16,61392.68,60743.71,60840.74,0
1/2/2023 15:30:00,60871.24,61222.79,60764.63,61167.79,0
1/3/2023 15:30:00,61074.88,61343.96,61004.04,61294.2,0
1/4/2023 15:30:00,61294.65,61327.21,60593.56,60657.45,0
1/5/2023 15:30:00,60847.5,60877.06,60049.84,60353.27,0
1/6/2023 15:30:00,60388.74,60537.63,59669.91,59900.37,0
1/9/2023 15:30:00,60147.07,60889.41,60109.94,60747.31,0
1/10/2023 15:30:00,60805.14,60809.65,59938.38,60115.48,0
1/11/2023 15:30:00,60134.56,60364.77,59805.78,60105.5,0
1/12/2023 15:30:00,60083.03,60290.35,59632.32,59958.03,0
1/13/2023 15:30:00,60044.96,60418.26,59628.43,60261.18,0
1/16/2023 15:30:00,60550.5,60586.77,59963.83,60092.97,0
1/17/2023 15:30:00,60142.08,60704.48,60072.34,60655.72,0
1/18/2023 15:30:00,60716.03,61110.25,60569.19,61045.74,0
1/19/2023 15:30:00,60920.02,61032.47,60716.55,60858.43,0
1/20/2023 15:30:00,60901.16,61001.18,60585.25,60621.77,0
1/23/2023 15:30:00,60876.01,61113.27,60761.88,60941.67,0
1/24/2023 15:30:00,61122.2,61266.06,60849.12,60978.75,0
1/25/2023 15:30:00,60834.73,60899.21,60081.36,60205.06,0
1/27/2023 15:30:00,60166.9,60166.9,58974.7,59330.9,0
1/30/2023 15:30:00,59101.69,59644.24,58699.2,59500.41,0
1/31/2023 15:30:00,59770.83,59787.63,59104.59,59549.9,0
2/1/2023 15:30:00,60001.17,60773.44,58816.84,59708.08,0
2/2/2023 15:30:00,59459.87,60007.67,59215.62,59932.24,0
2/3/2023 15:30:00,60350.01,60905.34,60013.06,60841.88,0
2/6/2023 15:30:00,60847.21,60847.21,60345.61,60506.9,0
2/7/2023 15:30:00,60511.32,60655.14,60063.49,60286.04,0
2/8/2023 15:30:00,60332.99,60792.1,60324.92,60663.79,0
2/9/2023 15:30:00,60715.89,60863.63,60472.81,60806.22,0
2/10/2023 15:30:00,60706.81,60774.14,60501.74,60682.7,0
2/13/2023 15:30:00,60652.82,60740.95,60245.05,60431.84,0
2/14/2023 15:30:00,60550.25,61102.74,60550.25,61032.26,0
2/15/2023 15:30:00,60990.05,61352.55,60750.32,61275.09,0
2/16/2023 15:30:00,61566.22,61682.25,61196.72,61319.51,0
2/17/2023 15:30:00,60993.54,61302.72,60810.67,61002.57,0
2/20/2023 15:30:00,61112.84,61290.19,60607.02,60691.54,0
2/21/2023 15:30:00,60770.43,60976.59,60583.72,60672.72,0
2/22/2023 15:30:00,60391.86,60462.9,59681.55,59744.98,0
2/23/2023 15:30:00,59777.64,59960.04,59406.31,59605.8,0
2/24/2023 15:30:00,59859.48,59908.77,59325.34,59463.93,0
2/27/2023 15:30:00,59331.31,59441.13,58937.64,59288.35,0
2/28/2023 15:30:00,59346.61,59483.72,58795.97,58962.12,0
3/1/2023 15:30:00,59136.48,59475.45,59109.54,59411.08,0
3/2/2023 15:30:00,59287.18,59423.79,58866.26,58909.35,0
3/3/2023 15:30:00,59241.2,59967.04,59231.58,59808.97,0
3/6/2023 15:30:00,60007.04,60498.48,60005.65,60224.46,0
3/8/2023 15:30:00,59916.1,60402.85,59844.82,60348.09,0
3/9/2023 15:30:00,60467.09,60467.09,59750.53,59806.28,0
3/10/2023 15:30:00,59259.83,59262.47,58884.98,59135.13,0
3/13/2023 15:30:00,59033.77,59510.92,58094.55,58237.85,0
3/14/2023 15:30:00,58168.75,58490.98,57721.16,57900.19,0
3/15/2023 15:30:00,58268.54,58473.63,57455.67,57555.9,0
3/16/2023 15:30:00,57510.8,57887.46,57158.69,57634.84,0
3/17/2023 15:30:00,58038.17,58178.94,57503.9,57989.9,0
3/20/2023 15:30:00,57773.55,57829.23,57084.91,57628.95,0
3/21/2023 15:30:00,57963.27,58133.33,57730.09,58074.68,0
3/22/2023 15:30:00,58245.26,58418.78,58063.5,58214.59,0
3/23/2023 15:30:00,58061.41,58396.17,57838.85,57925.28,0
3/24/2023 15:30:00,57890.66,58066.4,57422.98,57527.1,0
3/27/2023 15:30:00,57566.9,58019.55,57415.02,57653.86,0
3/28/2023 15:30:00,57751.5,57949.45,57494.91,57613.72,0
3/29/2023 15:30:00,57572.08,58124.2,57524.32,57960.09,0
3/31/2023 15:30:00,58273.86,59068.47,58273.86,58991.52,0
4/3/2023 15:30:00,59131.16,59204.82,58793.08,59106.44,0
4/5/2023 15:30:00,59094.71,59747.12,59094.4,59689.31,0
4/6/2023 15:30:00,59627.01,59950.06,59520.12,59832.97,0
4/10/2023 15:30:00,59858.98,60109.11,59766.23,59846.51,0
4/11/2023 15:30:00,60028.6,60267.68,59919.88,60157.72,0
4/12/2023 15:30:00,60180.2,60437.64,60094.69,60392.77,0
4/13/2023 15:30:00,60364.41,60486.91,60081.43,60431,0
4/17/2023 15:30:00,60385.9,60407.86,59442.47,59910.75,0
4/18/2023 15:30:00,59991.26,60113.47,59579.3,59727.01,0
4/19/2023 15:30:00,59745.89,59745.89,59452.72,59567.8,0
4/20/2023 15:30:00,59586.61,59836.79,59489.98,59632.35,0
4/21/2023 15:30:00,59538.79,59781.36,59412.81,59655.06,0
4/24/2023 15:30:00,59873.71,60101.64,59620.11,60056.1,0
4/25/2023 15:30:00,60202.77,60268.67,59967.02,60130.71,0
4/26/2023 15:30:00,60087.98,60362.79,59954.91,60300.58,0
4/27/2023 15:30:00,60315.56,60698.31,60271.49,60649.38,0
4/28/2023 15:30:00,60721.61,61209.46,60507.83,61112.44,0
5/2/2023 15:30:00,61301.61,61486.24,61255,61354.71,0
5/3/2023 15:30:00,61274.96,61274.96,61024.44,61193.3,0
5/4/2023 15:30:00,61258.13,61797.91,61119.56,61749.25,0
5/5/2023 15:30:00,61163.1,61585.5,61002.17,61054.29,0
5/8/2023 15:30:00,61166.09,61854.19,61166.09,61764.25,0
5/9/2023 15:30:00,61879.68,62027.51,61654.94,61761.33,0
5/10/2023 15:30:00,61843.36,61974.35,61572.93,61940.2,0
5/11/2023 15:30:00,62158.1,62168.22,61823.07,61904.52,0
5/12/2023 15:30:00,61857.69,62110.93,61578.15,62027.9,0
5/15/2023 15:30:00,62157.1,62562.67,61950.3,62345.71,0
5/16/2023 15:30:00,62474.11,62475.95,61847.41,61932.47,0
5/17/2023 15:30:00,61932.32,61979.94,61340.1,61560.64,0
5/18/2023 15:30:00,61937.86,61955.9,61349.34,61431.74,0
5/19/2023 15:30:00,61556.25,61784.61,61251.7,61729.68,0
5/22/2023 15:30:00,61579.78,62044.46,61579.78,61963.68,0
5/23/2023 15:30:00,62098.16,62245.19,61914.4,61981.79,0
5/24/2023 15:30:00,61834.28,62154.14,61708.1,61773.78,0
5/25/2023 15:30:00,61706.13,61934.01,61484.66,61872.62,0
5/26/2023 15:30:00,61985.36,62529.83,61911.61,62501.69,0
5/29/2023 15:30:00,62801.54,63026,62801.54,62846.38,0
5/30/2023 15:30:00,62839.85,63036.12,62737.4,62969.13,0
5/31/2023 15:30:00,62839.97,62876.77,62401.02,62622.24,0
6/1/2023 15:30:00,62736.47,62762.41,62359.14,62428.54,0
6/2/2023 15:30:00,62601.97,62719.84,62379.86,62547.11,0
6/5/2023 15:30:00,62759.19,62943.2,62751.72,62787.47,0
6/6/2023 15:30:00,62738.35,62867.95,62554.21,62792.88,0
6/7/2023 15:30:00,62917.39,63196.43,62841.95,63142.96,0
6/8/2023 15:30:00,63140.17,63321.4,62789.73,62848.64,0
6/9/2023 15:30:00,62810.68,62992.16,62594.74,62625.63,0
6/12/2023 15:30:00,62659.98,62804.89,62615.2,62724.71,0
6/13/2023 15:30:00,62779.14,63177.47,62777.04,63143.16,0
6/14/2023 15:30:00,63115.48,63274.03,63013.51,63228.51,0
6/15/2023 15:30:00,63153.78,63310.96,62871.08,62917.63,0
6/16/2023 15:30:00,62960.73,63520.36,62957.17,63384.58,0
6/19/2023 15:30:00,63474.21,63574.69,63047.83,63168.3,0
6/20/2023 15:30:00,63176.77,63440.19,62801.91,63327.7,0
6/21/2023 15:30:00,63467.46,63588.31,63315.62,63523.15,0
6/22/2023 15:30:00,63601.71,63601.71,63200.63,63238.89,0
6/23/2023 15:30:00,63124.28,63240.63,62874.12,62979.37,0
6/26/2023 15:30:00,62946.5,63136.09,62853.67,62970,0
6/27/2023 15:30:00,63151.85,63467.54,63054.84,63416.03,0
6/30/2023 15:30:00,64068.44,64768.58,64068.44,64718.56,0
7/3/2023 15:30:00,64836.16,65300.35,64836.16,65205.05,0
7/4/2023 15:30:00,65503.85,65672.97,65171.06,65479.05,0
7/5/2023 15:30:00,65493.68,65584.33,65256.49,65446.04,0
7/6/2023 15:30:00,65391.88,65832.98,65328.29,65785.64,0
7/7/2023 15:30:00,65559.41,65898.98,65175.74,65280.45,0
7/10/2023 15:30:00,65482.33,65633.49,65246.4,65344.17,0
7/11/2023 15:30:00,65598.65,65870.59,65517.57,65617.84,0
7/12/2023 15:30:00,65759.28,65811.64,65320.25,65393.9,0
7/13/2023 15:30:00,65667.07,66064.21,65452.15,65558.89,0
7/14/2023 15:30:00,65775.49,66159.79,65610.82,66060.9,0
7/17/2023 15:30:00,66148.18,66656.21,66015.63,66589.93,0
7/18/2023 15:30:00,66828.96,67007.02,66574.47,66795.14,0
7/19/2023 15:30:00,66905.01,67171.38,66703.61,67097.44,0
7/20/2023 15:30:00,67074.34,67619.17,66831.38,67571.9,0
7/21/2023 15:30:00,66907.07,67190.52,66533.74,66684.26,0
7/24/2023 15:30:00,66629.14,66808.56,66326.25,66384.78,0
7/25/2023 15:30:00,66531.2,66559.29,66177.62,66355.71,0
7/26/2023 15:30:00,66434.72,66897.27,66431.34,66707.2,0
7/27/2023 15:30:00,66834.12,66984.17,66060.74,66266.82,0
7/28/2023 15:30:00,66266.35,66351.22,65878.65,66160.2,0
7/31/2023 15:30:00,66156.39,66598.42,65998.9,66527.67,0
8/1/2023 15:30:00,66532.98,66658.12,66388.26,66459.31,0
8/2/2023 15:30:00,66064.41,66261.97,65431.68,65782.78,0
8/3/2023 15:30:00,65550.82,65820.82,64963.08,65240.68,0
8/4/2023 15:30:00,65453.55,65799.27,65387.18,65721.25,0
8/7/2023 15:30:00,65811.4,66067.9,65748.25,65953.48,0
8/8/2023 15:30:00,66048.81,66057.53,65752.63,65846.5,0
8/9/2023 15:30:00,65810.96,66066.01,65444.38,65995.81,0
8/10/2023 15:30:00,65945.39,65956.25,65509.14,65688.18,0
8/11/2023 15:30:00,65727.8,65727.8,65274.61,65322.65,0
8/14/2023 15:30:00,65153.02,65517.82,64821.88,65401.92,0
8/16/2023 15:30:00,65238.67,65605.74,65032.89,65539.42,0
8/17/2023 15:30:00,65503.85,65535.14,65046.1,65151.02,0
8/18/2023 15:30:00,65025.71,65175.32,64754.72,64948.66,0
8/21/2023 15:30:00,64852.7,65335.82,64852.7,65216.09,0
8/22/2023 15:30:00,65272.42,65362.91,65165.45,65220.03,0
8/23/2023 15:30:00,65300.93,65504.71,65108.51,65433.3,0
8/24/2023 15:30:00,65722.51,65913.77,65181.94,65252.34,0
8/25/2023 15:30:00,65000.67,65106,64732.57,64886.51,0
8/28/2023 15:30:00,64908.08,65213.45,64776.92,64996.6,0
8/29/2023 15:30:00,65201.35,65229.03,64956.67,65075.82,0
8/30/2023 15:30:00,65311.58,65458.7,65052.74,65087.25,0
8/31/2023 15:30:00,65178.33,65277.04,64723.63,64831.41,0
9/1/2023 15:30:00,64855.51,65473.27,64818.37,65387.16,0
9/4/2023 15:30:00,65525.91,65683.91,65285.56,65628.14,0
9/5/2023 15:30:00,65671.6,65831.7,65601.47,65780.26,0
9/6/2023 15:30:00,65744.19,65971.13,65488.03,65880.52,0
9/7/2023 15:30:00,65854.25,66296.9,65672.34,66265.56,0
9/8/2023 15:30:00,66381.43,66766.92,66299.3,66598.91,0
9/11/2023 15:30:00,66807.73,67172.13,66735.84,67127.08,0
9/12/2023 15:30:00,67506.88,67539.1,66948.18,67221.13,0
9/13/2023 15:30:00,67188.64,67565.41,67053.36,67466.99,0
9/14/2023 15:30:00,67627.03,67771.05,67336.46,67519,0
9/15/2023 15:30:00,67659.91,67927.23,67614.42,67838.63,0
9/18/2023 15:30:00,67665.58,67803.15,67532.83,67596.84,0
9/20/2023 15:30:00,67080.18,67294.16,66728.14,66800.84,0
9/21/2023 15:30:00,66608.67,66608.67,66128.71,66230.24,0
9/22/2023 15:30:00,66215.04,66445.47,65952.83,66009.15,0
9/25/2023 15:30:00,66082.99,66225.63,65764.03,66023.69,0
9/26/2023 15:30:00,66071.63,66078.26,65865.63,65945.47,0
9/27/2023 15:30:00,65925.64,66172.27,65549.96,66118.69,0
9/28/2023 15:30:00,66406.01,66406.01,65423.39,65508.32,0
9/29/2023 15:30:00,65743.93,66151.65,65570.38,65828.41,0
10/3/2023 15:30:00,65813.42,65813.5,65344.59,65512.1,0
10/4/2023 15:30:00,65330.65,65332.52,64878.77,65226.04,0
10/5/2023 15:30:00,65598.26,65753.2,65443.34,65631.57,0
10/6/2023 15:30:00,65867.54,66095.81,65762.33,65995.63,0
10/9/2023 15:30:00,65560.07,65789.98,65434.61,65512.39,0
10/10/2023 15:30:00,65662.27,66180.17,65662.27,66079.36,0
10/11/2023 15:30:00,66376.42,66592.16,66299.79,66473.05,0
10/12/2023 15:30:00,66564.57,66577.6,66339.42,66408.39,0
10/13/2023 15:30:00,66034.21,66478.9,65895.41,66282.74,0
10/16/2023 15:30:00,66238.15,66342.75,66039.38,66166.93,0
10/17/2023 15:30:00,66558.15,66559.82,66309.18,66428.09,0
10/18/2023 15:30:00,66473.74,66475.27,65842.1,65877.02,0
10/19/2023 15:30:00,65484.61,65869.65,65343.5,65629.24,0
10/20/2023 15:30:00,65437.07,65555.14,65308.61,65397.62,0
10/23/2023 15:30:00,65419.02,65453.92,64502.68,64571.88,0
10/25/2023 15:30:00,64619.27,64787.08,63912.16,64049.06,0
10/26/2023 15:30:00,63774.16,63774.16,63092.98,63148.15,0
10/27/2023 15:30:00,63559.32,63913.13,63393.37,63782.8,0
10/30/2023 15:30:00,63885.56,64184.58,63431.45,64112.65,0
10/31/2023 15:30:00,64449.65,64452.32,63812.53,63874.93,0
11/1/2023 15:30:00,63829.87,63896.05,63550.46,63591.33,0
11/2/2023 15:30:00,64033.4,64202.64,63815.35,64080.9,0
11/3/2023 15:30:00,64444.9,64535.19,64275.39,64363.78,0
11/6/2023 15:30:00,64835.23,64992.54,64617.48,64958.69,0
11/7/2023 15:30:00,65021.29,65021.29,64638.1,64942.4,0
11/8/2023 15:30:00,65101.95,65124,64851.06,64975.61,0
11/9/2023 15:30:00,65025.32,65046.56,64768.76,64832.2,0
11/10/2023 15:30:00,64756.11,65014.06,64580.95,64904.68,0
11/13/2023 15:30:00,65158.31,65176.96,64853.36,64933.87,0
11/15/2023 15:30:00,65461.54,65668.24,65373.5,65675.93,0
11/16/2023 15:30:00,65665.87,66358.37,65507.02,65982.48,0
11/17/2023 15:30:00,65788.79,66037.69,65639.74,65794.73,0
11/20/2023 15:30:00,65787.51,65844.01,65547.8,65655.15,0
11/21/2023 15:30:00,65860.46,66082.36,65849.17,65930.77,0
11/22/2023 15:30:00,65839.62,66063.43,65664.85,66023.24,0
11/23/2023 15:30:00,66084.37,66235.24,65980.5,66017.81,0
11/24/2023 15:30:00,66000.29,66101.64,65894.05,65970.04,0
11/28/2023 15:30:00,66063.72,66256.2,65906.65,66174.2,0
11/29/2023 15:30:00,66381.26,66946.28,66374.52,66901.91,0
11/30/2023 15:30:00,66963.2,67069.89,66610.35,66988.44,0
12/1/2023 15:30:00,67181.15,67564.33,67149.07,67481.19,0
12/4/2023 15:30:00,68435.34,68918.22,68274.47,68865.12,0
12/5/2023 15:30:00,69168.53,69381.31,68954.88,69296.14,0
12/6/2023 15:30:00,69534.93,69744.62,69395.01,69653.73,0
12/7/2023 15:30:00,69694.15,69695.33,69320.53,69521.69,0
12/8/2023 15:30:00,69666.38,69893.8,69506.12,69825.6,0
12/11/2023 15:30:00,69925.63,70057.83,69782.48,69928.53,0
12/12/2023 15:30:00,70020.68,70033.64,69443.85,69551.03,0
12/13/2023 15:30:00,69648.56,69657.93,69100.56,69584.6,0
12/14/2023 15:30:00,70146.09,70602.89,70110.75,70514.2,0
12/15/2023 15:30:00,70804.13,71605.76,70655.97,71483.75,0
12/18/2023 15:30:00,71437.35,71552.24,71142.29,71315.09,0
12/19/2023 15:30:00,71479.28,71623.71,71071.98,71437.19,0
12/20/2023 15:30:00,71647.66,71913.07,70302.6,70506.31,0
12/21/2023 15:30:00,69920.89,70958.71,69920.39,70865.1,0
12/22/2023 15:30:00,71045.65,71259.55,70713.56,71106.96,0
12/26/2023 15:30:00,71097.78,71471.29,71012.08,71336.8,0
12/27/2023 15:30:00,71492.02,72119.85,71473.65,72038.43,0
12/28/2023 15:30:00,72262.67,72484.34,72137.45,72410.38,0
12/29/2023 15:30:00,72351.59,72417.01,72082.64,72240.26,0
1/1/2024 15:30:00,72218.39,72561.91,72031.23,72271.94,0
1/2/2024 15:30:00,72332.85,72332.85,71613.74,71892.48,0
1/3/2024 15:30:00,71832.62,71862,71303.97,71356.6,0
1/4/2024 15:30:00,71678.93,71954.79,71546.6,71847.57,0
1/5/2024 15:30:00,72016.71,72156.48,71779.83,72026.15,0
1/8/2024 15:30:00,72113.25,72181.77,71301.04,71355.22,0
1/9/2024 15:30:00,71770.91,72035.47,71307.27,71386.21,0
1/10/2024 15:30:00,71383.2,71733.84,71110.98,71657.71,0
1/11/2024 15:30:00,71907.75,71999.47,71543.19,71721.18,0
1/12/2024 15:30:00,72148.07,72720.96,71982.29,72568.45,0
1/15/2024 15:30:00,73049.87,73402.16,72909,73327.94,0
1/16/2024 15:30:00,73331.95,73427.59,72960.29,73128.77,0
1/17/2024 15:30:00,71998.93,72484.8,71429.3,71500.76,0
1/18/2024 15:30:00,71018.86,71451.29,70665.5,71186.86,0
1/19/2024 15:30:00,71786.74,71895.64,71542.74,71683.23,0
1/23/2024 15:30:00,71868.2,72039.2,70234.55,70370.55,0
1/24/2024 15:30:00,70165.49,71149.61,70001.6,71060.31,0
1/25/2024 15:30:00,71022.1,71049.46,70319.04,70700.67,0
1/29/2024 15:30:00,70968.1,72010.22,70880.54,71941.57,0
1/30/2024 15:30:00,72000.2,72142.23,71075.72,71139.9,0
1/31/2024 15:30:00,71073.04,71851.39,70846.04,71752.11,0
2/1/2024 15:30:00,71998.78,72151.02,71574.89,71645.3,0
2/2/2024 15:30:00,71977.56,73089.4,71948.77,72085.63,0
2/5/2024 15:30:00,72269.12,72385.93,71602.14,71731.42,0
2/6/2024 15:30:00,71970.82,72261.4,71625.18,72186.09,0
2/7/2024 15:30:00,72548.5,72559.21,71938.22,72152,0
2/8/2024 15:30:00,72473.42,72473.42,71230.62,71428.43,0
2/9/2024 15:30:00,71410.29,71676.49,71200.31,71595.49,0
2/12/2024 15:30:00,71722.31,71756.58,70922.57,71072.49,0
2/13/2024 15:30:00,71292.08,71662.74,70924.3,71555.19,0
2/14/2024 15:30:00,71035.25,71938.59,70809.84,71822.83,0
2/15/2024 15:30:00,72061.47,72164.97,71644.44,72050.38,0
2/16/2024 15:30:00,72406.02,72545.33,72218.1,72426.64,0
2/19/2024 15:30:00,72627.6,72881.93,72308.68,72708.16,0
2/20/2024 15:30:00,72727.87,73130.69,72510.24,73057.4,0
2/21/2024 15:30:00,73267.48,73267.8,72450.56,72623.09,0
2/22/2024 15:30:00,72677.51,73256.39,72081.36,73158.24,0
2/23/2024 15:30:00,73394.44,73413.93,73022,73142.8,0
2/26/2024 15:30:00,73044.81,73092.26,72666.82,72790.13,0
2/27/2024 15:30:00,72723.53,73161.3,72660.13,73095.22,0
2/28/2024 15:30:00,73162.82,73223.11,72222.29,72304.88,0
2/29/2024 15:30:00,72220.57,72730,72099.32,72500.3,0
3/1/2024 15:30:00,72606.31,73819.21,72591.14,73745.35,0
3/4/2024 15:30:00,73903.09,73990.13,73747.01,73872.29,0
3/5/2024 15:30:00,73767.42,73915.54,73412.25,73677.13,0
3/6/2024 15:30:00,73587.7,74151.27,73321.48,74085.99,0
3/7/2024 15:30:00,74242.74,74245.17,73921.48,74119.39,0
3/11/2024 15:30:00,74175.93,74187.35,73433.91,73502.64,0
3/12/2024 15:30:00,73516.42,74004.16,73342.12,73667.96,0
3/13/2024 15:30:00,73993.4,74052.75,72515.71,72761.89,0
3/14/2024 15:30:00,72570.1,73364.3,72497.19,73097.28,0
3/15/2024 15:30:00,72886.77,72998.07,72484.82,72643.43,0
3/18/2024 15:30:00,72587.3,72985.89,72314.16,72748.42,0
3/19/2024 15:30:00,72462.94,72490.09,71933.35,72012.05,0
3/20/2024 15:30:00,72036.86,72402.67,71674.42,72101.69,0
3/21/2024 15:30:00,72507.36,72882.46,72416.03,72641.19,0
3/22/2024 15:30:00,72231.66,73115.62,72172.09,72831.94,0
3/26/2024 15:30:00,72396.97,72705.29,72363.03,72470.3,0
3/27/2024 15:30:00,72692.16,73138.73,72600.73,72996.31,0
3/28/2024 15:30:00,73149.34,74190.31,73120.33,73651.35,0
4/1/2024 15:30:00,73968.62,74254.62,73909.39,74014.55,0
4/2/2024 15:30:00,74022.3,74099.78,73743.77,73903.91,0
4/3/2024 15:30:00,73757.23,74151.21,73540.27,73876.82,0
4/4/2024 15:30:00,74413.82,74501.73,73485.12,74227.63,0
4/5/2024 15:30:00,74287.02,74361.11,73946.92,74248.22,0
4/8/2024 15:30:00,74555.44,74869.3,74410.07,74742.5,0
4/9/2024 15:30:00,75124.28,75124.28,74603.37,74683.7,0
4/10/2024 15:30:00,74953.96,75105.14,74807.55,75038.15,0
4/12/2024 15:30:00,74953.96,74951.88,74189.31,74244.9,0
4/15/2024 15:30:00,73315.16,73905.8,73315.16,73399.78,0
4/16/2024 15:30:00,72892.14,73135.43,72685.03,72943.68,0
4/18/2024 15:30:00,73183.1,73473.05,72365.67,72488.99,0
4/19/2024 15:30:00,0.5,73210.17,8893,73088.33,168
4/22/2024 15:30:00,73666.51,73767.8,73227.32,73648.62,0
4/23/2024 15:30:00,74048.94,74059.89,73688.31,73738.45,0
4/24/2024 15:30:00,73957.57,74121.61,73788.61,73852.94,0
4/25/2024 15:30:00,73572.34,74571.25,73556.15,74339.44,0
4/26/2024 15:30:00,74509.31,74515.91,73616.65,73730.16,0
4/29/2024 15:30:00,73982.75,74721.15,73922.34,74671.28,0
4/30/2024 15:30:00,74800.89,75111.39,74346.4,74482.78,0
5/2/2024 15:30:00,74391.73,74812.43,74360.69,74611.11,0
5/3/2024 15:30:00,75017.82,75095.18,73467.73,73878.15,0
5/6/2024 15:30:00,74196.68,74359.69,73786.29,73895.54,0
5/7/2024 15:30:00,73973.3,74026.8,73259.26,73511.85,0
5/8/2024 15:30:00,73225,73684.93,73073.92,73466.39,0
5/9/2024 15:30:00,73499.49,73499.49,72334.18,72404.17,0
5/10/2024 15:30:00,72475.45,72946.54,72366.29,72664.47,0
5/13/2024 15:30:00,72476.65,72863.56,71866.01,72776.13,0
5/14/2024 15:30:00,72696.72,73286.26,72683.99,73104.61,0
5/15/2024 15:30:00,73200.23,73301.47,72822.66,72987.03,0
5/16/2024 15:30:00,73338.24,73749.47,72529.97,73663.72,0
5/17/2024 15:30:00,73711.31,74070.84,73459.8,73917.03,0
5/21/2024 15:30:00,73842.96,74189.19,73762.37,73953.31,0
5/22/2024 15:30:00,74165.52,74307.79,73860.33,74221.06,0
5/23/2024 15:30:00,74253.53,75499.91,74158.35,75418.04,0
5/24/2024 15:30:00,75335.45,75636.5,75244.22,75410.39,0
5/27/2024 15:30:00,75655.46,76009.68,75175.27,75390.5,0
5/28/2024 15:30:00,75585.4,75585.4,75083.22,75170.45,0
5/29/2024 15:30:00,74826.94,74986.22,74454.55,74502.9,0
5/30/2024 15:30:00,74365.88,74493.55,73668.73,73885.6,0
5/31/2024 15:30:00,74208.53,74478.89,73765.15,73961.31,0
6/3/2024 15:30:00,76583.29,76738.89,75678.43,76468.78,0
6/4/2024 15:30:00,76285.78,76300.46,70234.43,72079.05,0
6/5/2024 15:30:00,73027.88,74534.82,71893.21,74382.24,0
6/6/2024 15:30:00,75078.7,75297.73,74474.94,75074.51,0
6/7/2024 15:30:00,75031.79,76795.31,74941.88,76693.36,0
6/10/2024 15:30:00,75031.79,77079.04,76379.73,76490.08,0
6/11/2024 15:30:00,76680.9,76860.53,76296.44,76456.59,0
6/12/2024 15:30:00,76679.11,77050.53,76533.78,76606.57,0
6/13/2024 15:30:00,77102.05,77145.46,76719.7,76810.9,0
6/14/2024 15:30:00,76912.38,77081.3,76549.05,76992.77,0